0.980581,0.980626,0.980757,0.980971,0.981264,-0.018293,-0.017939,-0.01745,-0.016913,-0.016335,-0.015727,-0.015096,-0.014451,-0.013799,-0.013147,-0.012501,-0.011866,-0.011246,-0.010644,-0.010064,-0.009506,-0.008972,-0.008463,-0.00798,-0.007521,-0.007088,-0.006679,-0.006294,-0.005932,-0.005591,-0.005272,-0.004972,-0.00469,-0.004427,-0.00418,-0.003949,-0.003732,-0.003529,-0.003339,-0.003161,-0.002994,-0.002838,-0.002691,-0.002554,-0.002424,-0.002303,-0.002189,-0.002082,-0.001982,-0.001887,-0.001798,-0.001714,-0.001635,-0.00156,-0.00149,-0.001424,-0.001361,-0.001302,-0.001246,-0.001193,-0.001143,-0.001095,-0.00105,-0.001008,-0.000967,-0.000929,-0.000892,-0.000858,-0.000825,-0.000793,-0.000764,-0.000735,-0.000708,-0.000682,-0.000658,-0.000634,-0.000612,-0.000591,-0.00057,-0.000551,-0.000532
0.98049,0.980536,0.980669,0.980886,0.981183,-0.018446,-0.018009,-0.017514,-0.01697,-0.016386,-0.015771,-0.015134,-0.014482,-0.013825,-0.013168,-0.012518,-0.011879,-0.011255,-0.010651,-0.010067,-0.009507,-0.008972,-0.008462,-0.007977,-0.007518,-0.007084,-0.006675,-0.006289,-0.005927,-0.005586,-0.005267,-0.004967,-0.004686,-0.004422,-0.004176,-0.003945,-0.003728,-0.003525,-0.003336,-0.003158,-0.002991,-0.002835,-0.002688,-0.002551,-0.002422,-0.002301,-0.002187,-0.00208,-0.00198,-0.001885,-0.001796,-0.001712,-0.001633,-0.001559,-0.001489,-0.001422,-0.00136,-0.001301,-0.001245,-0.001192,-0.001142,-0.001094,-0.001049,-0.001007,-0.000966,-0.000928,-0.000892,-0.000857,-0.000824,-0.000793,-0.000763,-0.000735,-0.000708,-0.000682,-0.000657,-0.000634,-0.000612,-0.00059,-0.00057,-0.00055,-0.000532
0.980222,0.98027,0.980409,0.980635,0.980945,-0.018669,-0.018215,-0.017701,-0.017138,-0.016534,-0.015899,-0.015243,-0.014575,-0.013901,-0.013229,-0.012566,-0.011915,-0.011281,-0.010668,-0.010078,-0.009512,-0.008971,-0.008457,-0.00797,-0.007508,-0.007073,-0.006662,-0.006276,-0.005913,-0.005572,-0.005252,-0.004952,-0.004672,-0.004409,-0.004162,-0.003932,-0.003716,-0.003514,-0.003325,-0.003147,-0.002981,-0.002826,-0.00268,-0.002543,-0.002414,-0.002294,-0.00218,-0.002074,-0.001974,-0.001879,-0.001791,-0.001707,-0.001629,-0.001555,-0.001485,-0.001419,-0.001356,-0.001297,-0.001242,-0.001189,-0.001139,-0.001092,-0.001047,-0.001004,-0.000964,-0.000926,-0.00089,-0.000855,-0.000822,-0.000791,-0.000761,-0.000733,-0.000706,-0.000681,-0.000656,-0.000633,-0.000611,-0.000589,-0.000569,-0.00055,-0.000531
0.979769,0.979821,0.979969,0.980212,0.980543,-0.018967,-0.018561,-0.018016,-0.017419,-0.016781,-0.016114,-0.015426,-0.014728,-0.014027,-0.01333,-0.012644,-0.011974,-0.011324,-0.010696,-0.010094,-0.009518,-0.008969,-0.008449,-0.007956,-0.007491,-0.007053,-0.00664,-0.006252,-0.005889,-0.005548,-0.005228,-0.004929,-0.004648,-0.004386,-0.004141,-0.003911,-0.003696,-0.003495,-0.003307,-0.00313,-0.002965,-0.00281,-0.002665,-0.002529,-0.002401,-0.002282,-0.002169,-0.002063,-0.001964,-0.00187,-0.001782,-0.001699,-0.001621,-0.001547,-0.001478,-0.001412,-0.00135,-0.001292,-0.001236,-0.001184,-0.001134,-0.001087,-0.001043,-0.001001,-0.000961,-0.000922,-0.000886,-0.000852,-0.000819,-0.000788,-0.000759,-0.000731,-0.000704,-0.000678,-0.000654,-0.000631,-0.000609,-0.000588,-0.000567,-0.000548,-0.00053
0.979118,0.979175,0.979338,0.979605,0.979968,-0.019582,-0.019055,-0.018463,-0.017818,-0.017132,-0.016416,-0.015683,-0.014942,-0.014202,-0.01347,-0.012752,-0.012055,-0.011381,-0.010733,-0.010114,-0.009525,-0.008965,-0.008436,-0.007936,-0.007466,-0.007024,-0.006609,-0.006219,-0.005855,-0.005513,-0.005194,-0.004895,-0.004616,-0.004354,-0.00411,-0.003882,-0.003668,-0.003468,-0.003281,-0.003106,-0.002943,-0.002789,-0.002645,-0.00251,-0.002384,-0.002265,-0.002153,-0.002049,-0.00195,-0.001857,-0.00177,-0.001688,-0.00161,-0.001537,-0.001468,-0.001403,-0.001342,-0.001284,-0.001229,-0.001177,-0.001128,-0.001081,-0.001037,-0.000995,-0.000955,-0.000918,-0.000882,-0.000848,-0.000815,-0.000785,-0.000755,-0.000727,-0.000701,-0.000675,-0.000651,-0.000628,-0.000606,-0.000585,-0.000565,-0.000546,-0.000527
0.978249,0.978312,0.978496,0.978796,0.979202,-0.020295,-0.019709,-0.019052,-0.018341,-0.017589,-0.016809,-0.016015,-0.015217,-0.014424,-0.013646,-0.012888,-0.012154,-0.01145,-0.010777,-0.010137,-0.00953,-0.008956,-0.008416,-0.007908,-0.007431,-0.006985,-0.006567,-0.006175,-0.00581,-0.005468,-0.005149,-0.004851,-0.004573,-0.004313,-0.004071,-0.003844,-0.003632,-0.003434,-0.003249,-0.003076,-0.002914,-0.002762,-0.00262,-0.002486,-0.002361,-0.002244,-0.002133,-0.00203,-0.001932,-0.001841,-0.001755,-0.001673,-0.001597,-0.001525,-0.001456,-0.001392,-0.001331,-0.001274,-0.00122,-0.001168,-0.00112,-0.001074,-0.00103,-0.000988,-0.000949,-0.000912,-0.000876,-0.000842,-0.00081,-0.00078,-0.000751,-0.000723,-0.000697,-0.000672,-0.000648,-0.000625,-0.000603,-0.000582,-0.000562,-0.000543,-0.000525
0.977133,0.977206,0.977418,0.977761,0.978227,-0.021159,-0.020535,-0.019795,-0.018997,-0.018159,-0.017296,-0.016423,-0.015552,-0.014694,-0.013857,-0.013047,-0.01227,-0.011528,-0.010824,-0.010158,-0.009531,-0.008941,-0.008388,-0.00787,-0.007386,-0.006935,-0.006513,-0.00612,-0.005754,-0.005412,-0.005094,-0.004797,-0.004521,-0.004263,-0.004022,-0.003798,-0.003588,-0.003392,-0.003209,-0.003038,-0.002878,-0.002729,-0.002588,-0.002457,-0.002333,-0.002218,-0.002109,-0.002007,-0.001911,-0.001821,-0.001736,-0.001656,-0.00158,-0.001509,-0.001442,-0.001378,-0.001319,-0.001262,-0.001208,-0.001158,-0.00111,-0.001064,-0.001021,-0.00098,-0.000941,-0.000904,-0.000869,-0.000836,-0.000804,-0.000774,-0.000745,-0.000718,-0.000692,-0.000667,-0.000643,-0.000621,-0.000599,-0.000578,-0.000559,-0.00054,-0.000522
0.975734,0.97582,0.976068,0.97647,0.977012,-0.022323,-0.021555,-0.020705,-0.019796,-0.018847,-0.017879,-0.016907,-0.015946,-0.015007,-0.014098,-0.013227,-0.012397,-0.011612,-0.010871,-0.010175,-0.009524,-0.008916,-0.008348,-0.00782,-0.007329,-0.006871,-0.006447,-0.006052,-0.005685,-0.005344,-0.005027,-0.004732,-0.004458,-0.004202,-0.003964,-0.003743,-0.003536,-0.003343,-0.003163,-0.002994,-0.002837,-0.002689,-0.002551,-0.002422,-0.002301,-0.002187,-0.00208,-0.00198,-0.001886,-0.001797,-0.001714,-0.001635,-0.001561,-0.001491,-0.001425,-0.001362,-0.001303,-0.001248,-0.001195,-0.001145,-0.001098,-0.001053,-0.001011,-0.00097,-0.000932,-0.000896,-0.000861,-0.000828,-0.000797,-0.000767,-0.000739,-0.000712,-0.000686,-0.000662,-0.000638,-0.000616,-0.000594,-0.000574,-0.000554,-0.000536,-0.000518
0.974002,0.974105,0.974401,0.97488,0.975523,-0.023649,-0.022791,-0.021801,-0.02075,-0.019663,-0.018562,-0.017468,-0.016397,-0.01536,-0.014366,-0.013422,-0.012531,-0.011694,-0.010912,-0.010184,-0.009506,-0.008877,-0.008295,-0.007755,-0.007256,-0.006794,-0.006366,-0.00597,-0.005603,-0.005263,-0.004948,-0.004656,-0.004384,-0.004132,-0.003897,-0.003679,-0.003475,-0.003285,-0.003108,-0.002943,-0.002789,-0.002644,-0.002509,-0.002382,-0.002264,-0.002152,-0.002048,-0.001949,-0.001857,-0.00177,-0.001688,-0.001611,-0.001538,-0.00147,-0.001405,-0.001344,-0.001286,-0.001232,-0.00118,-0.001131,-0.001084,-0.00104,-0.000999,-0.000959,-0.000921,-0.000886,-0.000852,-0.000819,-0.000789,-0.000759,-0.000731,-0.000705,-0.000679,-0.000655,-0.000632,-0.00061,-0.000589,-0.000569,-0.00055,-0.000531,-0.000514
0.971873,0.971997,0.972357,0.972936,0.973711,-0.025348,-0.024275,-0.023105,-0.021874,-0.020613,-0.019349,-0.018105,-0.0169,-0.015747,-0.014653,-0.013625,-0.012664,-0.01177,-0.010942,-0.010177,-0.009472,-0.008822,-0.008224,-0.007673,-0.007166,-0.006699,-0.00627,-0.005873,-0.005507,-0.005169,-0.004857,-0.004568,-0.0043,-0.004051,-0.00382,-0.003606,-0.003406,-0.00322,-0.003047,-0.002885,-0.002734,-0.002593,-0.002461,-0.002338,-0.002222,-0.002113,-0.002011,-0.001915,-0.001825,-0.00174,-0.00166,-0.001584,-0.001513,-0.001446,-0.001383,-0.001323,-0.001267,-0.001213,-0.001163,-0.001115,-0.001069,-0.001026,-0.000985,-0.000946,-0.00091,-0.000875,-0.000841,-0.000809,-0.000779,-0.00075,-0.000723,-0.000697,-0.000672,-0.000648,-0.000626,-0.000604,-0.000583,-0.000563,-0.000544,-0.000526,-0.000509
0.969259,0.969413,0.969856,0.970569,0.971517,-0.027338,-0.026043,-0.024643,-0.023184,-0.021705,-0.020239,-0.018815,-0.01745,-0.016159,-0.01495,-0.013826,-0.012787,-0.01183,-0.010953,-0.01015,-0.009415,-0.008744,-0.008131,-0.00757,-0.007056,-0.006586,-0.006155,-0.00576,-0.005396,-0.005061,-0.004752,-0.004467,-0.004204,-0.00396,-0.003734,-0.003524,-0.003329,-0.003148,-0.002979,-0.002821,-0.002674,-0.002537,-0.002408,-0.002288,-0.002175,-0.002069,-0.00197,-0.001876,-0.001789,-0.001706,-0.001628,-0.001555,-0.001486,-0.00142,-0.001359,-0.001301,-0.001245,-0.001193,-0.001144,-0.001097,-0.001053,-0.00101,-0.000971,-0.000933,-0.000896,-0.000862,-0.00083,-0.000798,-0.000769,-0.000741,-0.000714,-0.000688,-0.000664,-0.00064,-0.000618,-0.000597,-0.000577,-0.000557,-0.000538,-0.000521,-0.000504
0.966046,0.96624,0.966795,0.967684,0.968863,-0.029644,-0.028141,-0.026445,-0.024697,-0.022946,-0.021233,-0.019589,-0.018036,-0.016586,-0.015245,-0.014013,-0.012889,-0.011865,-0.010936,-0.010094,-0.009331,-0.008639,-0.008012,-0.007442,-0.006924,-0.006452,-0.006022,-0.005628,-0.005268,-0.004938,-0.004634,-0.004354,-0.004096,-0.003858,-0.003637,-0.003433,-0.003243,-0.003067,-0.002903,-0.00275,-0.002608,-0.002474,-0.00235,-0.002233,-0.002124,-0.002021,-0.001925,-0.001834,-0.001749,-0.001669,-0.001594,-0.001523,-0.001455,-0.001392,-0.001332,-0.001276,-0.001222,-0.001171,-0.001123,-0.001078,-0.001034,-0.000993,-0.000954,-0.000917,-0.000882,-0.000849,-0.000817,-0.000786,-0.000758,-0.00073,-0.000704,-0.000679,-0.000655,-0.000632,-0.00061,-0.000589,-0.000569,-0.00055,-0.000532,-0.000514,-0.000498
0.962081,0.962328,0.963035,0.964162,0.965647,-0.03255,-0.030624,-0.028547,-0.026431,-0.02434,-0.022324,-0.020418,-0.018643,-0.01701,-0.015521,-0.014172,-0.012956,-0.011863,-0.010882,-0.010001,-0.009211,-0.008501,-0.007862,-0.007286,-0.006766,-0.006295,-0.005867,-0.005478,-0.005123,-0.004798,-0.004501,-0.004228,-0.003977,-0.003745,-0.003531,-0.003333,-0.00315,-0.002979,-0.002821,-0.002673,-0.002535,-0.002407,-0.002286,-0.002174,-0.002068,-0.001969,-0.001876,-0.001789,-0.001707,-0.001629,-0.001556,-0.001488,-0.001423,-0.001361,-0.001303,-0.001249,-0.001197,-0.001147,-0.001101,-0.001057,-0.001015,-0.000975,-0.000937,-0.000901,-0.000867,-0.000834,-0.000803,-0.000773,-0.000745,-0.000718,-0.000693,-0.000668,-0.000645,-0.000623,-0.000601,-0.000581,-0.000561,-0.000543,-0.000525,-0.000508,-0.000491
0.957156,0.957476,0.958389,0.959839,0.961738,-0.036023,-0.032362,-0.030986,-0.028401,-0.025886,-0.0235,-0.021281,-0.019248,-0.017408,-0.015757,-0.014283,-0.012972,-0.011809,-0.010778,-0.009862,-0.009049,-0.008324,-0.007678,-0.007099,-0.006579,-0.006112,-0.005689,-0.005307,-0.004959,-0.004643,-0.004354,-0.004089,-0.003845,-0.003622,-0.003415,-0.003224,-0.003048,-0.002884,-0.002731,-0.002589,-0.002457,-0.002333,-0.002218,-0.00211,-0.002008,-0.001913,-0.001824,-0.00174,-0.001661,-0.001587,-0.001516,-0.00145,-0.001388,-0.001328,-0.001272,-0.00122,-0.001169,-0.001122,-0.001077,-0.001034,-0.000993,-0.000955,-0.000918,-0.000883,-0.00085,-0.000818,-0.000788,-0.00076,-0.000732,-0.000706,-0.000681,-0.000657,-0.000634,-0.000613,-0.000592,-0.000572,-0.000553,-0.000535,-0.000517,-0.000501,-0.000485
0.950986,0.951407,0.952605,0.9545,0.956964,-0.040093,-0.037028,-0.033804,-0.030618,-0.027573,-0.024736,-0.022147,-0.01982,-0.017751,-0.015925,-0.014322,-0.012918,-0.011688,-0.010612,-0.009667,-0.008836,-0.008102,-0.007453,-0.006876,-0.006362,-0.005901,-0.005488,-0.005114,-0.004777,-0.00447,-0.004191,-0.003936,-0.003702,-0.003487,-0.003289,-0.003107,-0.002937,-0.002781,-0.002635,-0.0025,-0.002373,-0.002255,-0.002145,-0.002042,-0.001945,-0.001854,-0.001768,-0.001688,-0.001612,-0.001541,-0.001474,-0.00141,-0.00135,-0.001293,-0.00124,-0.001189,-0.00114,-0.001095,-0.001051,-0.00101,-0.000971,-0.000934,-0.000898,-0.000864,-0.000832,-0.000802,-0.000772,-0.000745,-0.000718,-0.000693,-0.000669,-0.000645,-0.000623,-0.000602,-0.000582,-0.000563,-0.000544,-0.000526,-0.000509,-0.000493,-0.000477
0.943177,0.943739,0.945337,0.947851,0.951097,-0.045071,-0.041122,-0.03704,-0.033081,-0.029372,-0.025992,-0.022972,-0.020314,-0.017998,-0.015993,-0.014262,-0.01277,-0.011483,-0.01037,-0.009404,-0.008564,-0.007829,-0.007184,-0.006615,-0.006111,-0.005662,-0.00526,-0.0049,-0.004575,-0.004281,-0.004013,-0.003769,-0.003547,-0.003342,-0.003154,-0.00298,-0.00282,-0.002671,-0.002533,-0.002404,-0.002284,-0.002172,-0.002067,-0.001969,-0.001877,-0.001791,-0.001709,-0.001633,-0.001561,-0.001493,-0.001429,-0.001368,-0.001311,-0.001256,-0.001205,-0.001156,-0.00111,-0.001066,-0.001024,-0.000985,-0.000947,-0.000911,-0.000877,-0.000844,-0.000814,-0.000784,-0.000756,-0.000729,-0.000703,-0.000679,-0.000655,-0.000633,-0.000611,-0.000591,-0.000571,-0.000552,-0.000534,-0.000517,-0.000501,-0.000485,-0.00047
0.933176,0.933937,0.9361,0.939488,0.943831,-0.051127,-0.045948,-0.040723,-0.035765,-0.031231,-0.0272,-0.023688,-0.02067,-0.018099,-0.015918,-0.01407,-0.012504,-0.011173,-0.010038,-0.009064,-0.008226,-0.007499,-0.006866,-0.006312,-0.005824,-0.005392,-0.005007,-0.004662,-0.004353,-0.004074,-0.00382,-0.00359,-0.003379,-0.003186,-0.003009,-0.002846,-0.002694,-0.002554,-0.002424,-0.002303,-0.00219,-0.002084,-0.001986,-0.001893,-0.001806,-0.001724,-0.001647,-0.001575,-0.001507,-0.001442,-0.001381,-0.001324,-0.001269,-0.001217,-0.001168,-0.001122,-0.001078,-0.001036,-0.000996,-0.000958,-0.000922,-0.000888,-0.000855,-0.000824,-0.000794,-0.000765,-0.000738,-0.000712,-0.000688,-0.000664,-0.000641,-0.00062,-0.000599,-0.000579,-0.00056,-0.000542,-0.000524,-0.000508,-0.000492,-0.000476,-0.000461
0.920198,0.921244,0.924213,0.928848,0.934753,-0.058524,-0.051618,-0.044856,-0.038606,-0.033053,-0.028259,-0.024201,-0.020809,-0.017989,-0.015652,-0.013711,-0.012094,-0.010741,-0.009602,-0.008638,-0.007815,-0.007108,-0.006498,-0.005966,-0.005501,-0.00509,-0.004727,-0.004402,-0.004112,-0.00385,-0.003613,-0.003398,-0.003201,-0.003021,-0.002856,-0.002703,-0.002562,-0.002431,-0.00231,-0.002197,-0.002091,-0.001992,-0.0019,-0.001813,-0.001732,-0.001655,-0.001583,-0.001514,-0.00145,-0.001389,-0.001332,-0.001277,-0.001226,-0.001177,-0.00113,-0.001086,-0.001044,-0.001004,-0.000966,-0.00093,-0.000896,-0.000863,-0.000832,-0.000802,-0.000773,-0.000746,-0.00072,-0.000695,-0.000671,-0.000648,-0.000627,-0.000606,-0.000586,-0.000567,-0.000548,-0.000531,-0.000514,-0.000498,-0.000482,-0.000467,-0.000453
0.90313,0.904581,0.908701,0.915132,0.923291,-0.067537,-0.05824,-0.049391,-0.041468,-0.034673,-0.029012,-0.024382,-0.020629,-0.017596,-0.015141,-0.013146,-0.011514,-0.010169,-0.009052,-0.008116,-0.007326,-0.006654,-0.006076,-0.005576,-0.005141,-0.004759,-0.004421,-0.00412,-0.003852,-0.00361,-0.003392,-0.003193,-0.003012,-0.002846,-0.002694,-0.002553,-0.002423,-0.002303,-0.00219,-0.002086,-0.001988,-0.001897,-0.001811,-0.00173,-0.001654,-0.001583,-0.001515,-0.001452,-0.001391,-0.001334,-0.00128,-0.001229,-0.001181,-0.001134,-0.001091,-0.001049,-0.001009,-0.000971,-0.000935,-0.000901,-0.000868,-0.000837,-0.000807,-0.000779,-0.000752,-0.000726,-0.000701,-0.000677,-0.000654,-0.000632,-0.000611,-0.000591,-0.000572,-0.000554,-0.000536,-0.000519,-0.000503,-0.000487,-0.000472,-0.000458,-0.000444
0.880391,0.882407,0.888155,0.897172,0.908629,-0.078632,-0.065878,-0.054161,-0.044088,-0.035825,-0.029236,-0.024059,-0.020009,-0.016835,-0.014331,-0.01234,-0.01074,-0.009442,-0.008378,-0.007496,-0.006758,-0.006134,-0.005601,-0.005143,-0.004745,-0.004397,-0.00409,-0.003817,-0.003574,-0.003355,-0.003157,-0.002977,-0.002813,-0.002663,-0.002525,-0.002397,-0.002279,-0.002169,-0.002066,-0.001971,-0.001881,-0.001797,-0.001718,-0.001644,-0.001574,-0.001508,-0.001446,-0.001386,-0.001331,-0.001277,-0.001227,-0.001179,-0.001134,-0.001091,-0.00105,-0.00101,-0.000973,-0.000938,-0.000904,-0.000871,-0.00084,-0.000811,-0.000782,-0.000755,-0.000729,-0.000705,-0.000681,-0.000658,-0.000637,-0.000616,-0.000596,-0.000576,-0.000558,-0.00054,-0.000523,-0.000507,-0.000491,-0.000476,-0.000462,-0.000448,-0.000435
0.84979,0.852557,0.860524,0.873218,0.889554,-0.092244,-0.074471,-0.05877,-0.045989,-0.036094,-0.028623,-0.023025,-0.018816,-0.015624,-0.013172,-0.011264,-0.009758,-0.008553,-0.007577,-0.006775,-0.006109,-0.00555,-0.005075,-0.004668,-0.004315,-0.004007,-0.003735,-0.003495,-0.003279,-0.003086,-0.002911,-0.002751,-0.002606,-0.002472,-0.002349,-0.002235,-0.002129,-0.00203,-0.001938,-0.001852,-0.001771,-0.001695,-0.001623,-0.001555,-0.001491,-0.001431,-0.001374,-0.001319,-0.001268,-0.001219,-0.001172,-0.001128,-0.001086,-0.001046,-0.001007,-0.000971,-0.000936,-0.000903,-0.000871,-0.00084,-0.000811,-0.000783,-0.000757,-0.000731,-0.000706,-0.000683,-0.000661,-0.000639,-0.000618,-0.000598,-0.000579,-0.000561,-0.000543,-0.000526,-0.00051,-0.000495,-0.00048,-0.000465,-0.000451,-0.000438,-0.000425
0.808469,0.812119,0.822841,0.840524,0.864118,-0.109172,-0.082051,-0.062343,-0.04633,-0.034869,-0.026785,-0.021051,-0.016923,-0.013895,-0.01163,-0.009902,-0.008561,-0.007501,-0.006651,-0.005958,-0.005386,-0.004907,-0.004502,-0.004155,-0.003854,-0.003592,-0.003361,-0.003155,-0.002971,-0.002805,-0.002654,-0.002517,-0.002391,-0.002275,-0.002167,-0.002068,-0.001975,-0.001888,-0.001806,-0.00173,-0.001657,-0.00159,-0.001525,-0.001464,-0.001407,-0.001352,-0.0013,-0.001251,-0.001204,-0.001159,-0.001116,-0.001076,-0.001037,-0.001,-0.000964,-0.00093,-0.000898,-0.000867,-0.000837,-0.000809,-0.000781,-0.000755,-0.00073,-0.000706,-0.000683,-0.000661,-0.000639,-0.000619,-0.000599,-0.000581,-0.000562,-0.000545,-0.000528,-0.000512,-0.000497,-0.000482,-0.000467,-0.000453,-0.00044,-0.000427,-0.000415
0.753182,0.757581,0.770963,0.79456,0.828761,-0.130289,-0.091968,-0.063002,-0.043721,-0.03134,-0.023303,-0.017939,-0.014243,-0.011617,-0.009699,-0.008262,-0.007161,-0.006299,-0.005612,-0.005055,-0.004596,-0.004213,-0.003888,-0.003609,-0.003368,-0.003156,-0.002968,-0.002801,-0.002651,-0.002514,-0.002389,-0.002275,-0.00217,-0.002072,-0.001981,-0.001896,-0.001817,-0.001742,-0.001671,-0.001605,-0.001542,-0.001482,-0.001426,-0.001372,-0.001321,-0.001272,-0.001225,-0.001181,-0.001138,-0.001098,-0.001059,-0.001022,-0.000987,-0.000953,-0.00092,-0.000889,-0.000859,-0.00083,-0.000803,-0.000776,-0.000751,-0.000726,-0.000703,-0.00068,-0.000659,-0.000638,-0.000618,-0.000599,-0.00058,-0.000562,-0.000545,-0.000529,-0.000513,-0.000497,-0.000483,-0.000468,-0.000455,-0.000442,-0.000429,-0.000417,-0.000405
0.681404,0.685799,0.699864,0.7276,0.775529,-0.157084,-0.09515,-0.056861,-0.036167,-0.02468,-0.017884,-0.01361,-0.010779,-0.008821,-0.007416,-0.006376,-0.005585,-0.004969,-0.004479,-0.004081,-0.003753,-0.003477,-0.003242,-0.003038,-0.002861,-0.002704,-0.002563,-0.002436,-0.002321,-0.002216,-0.002118,-0.002028,-0.001944,-0.001866,-0.001792,-0.001722,-0.001656,-0.001594,-0.001535,-0.001478,-0.001425,-0.001373,-0.001325,-0.001278,-0.001233,-0.00119,-0.001149,-0.00111,-0.001072,-0.001036,-0.001001,-0.000968,-0.000936,-0.000905,-0.000875,-0.000847,-0.000819,-0.000793,-0.000767,-0.000743,-0.00072,-0.000697,-0.000675,-0.000654,-0.000634,-0.000615,-0.000596,-0.000578,-0.00056,-0.000544,-0.000527,-0.000512,-0.000497,-0.000482,-0.000468,-0.000455,-0.000442,-0.000429,-0.000417,-0.000405,-0.000394
0.59359,0.596474,0.606204,0.628298,0.681398,-0.19168,-0.077584,-0.037301,-0.02188,-0.014588,-0.010609,-0.008215,-0.006669,-0.005614,-0.004863,-0.004306,-0.003882,-0.003548,-0.00328,-0.003058,-0.002872,-0.002713,-0.002574,-0.002451,-0.002341,-0.002241,-0.002149,-0.002065,-0.001986,-0.001913,-0.001843,-0.001778,-0.001716,-0.001657,-0.0016,-0.001546,-0.001494,-0.001444,-0.001396,-0.00135,-0.001306,-0.001264,-0.001222,-0.001183,-0.001145,-0.001108,-0.001072,-0.001038,-0.001005,-0.000973,-0.000942,-0.000913,-0.000884,-0.000856,-0.00083,-0.000804,-0.000779,-0.000755,-0.000732,-0.000709,-0.000688,-0.000667,-0.000647,-0.000628,-0.000609,-0.000591,-0.000573,-0.000557,-0.00054,-0.000525,-0.000509,-0.000495,-0.000481,-0.000467,-0.000454,-0.000441,-0.000429,-0.000417,-0.000405,-0.000394,-0.000383
0.495521,0.495457,0.495237,0.494696,0.492962,0.120295,-0.000353,-0.001617,-0.001969,-0.002108,-0.002168,-0.002191,-0.002193,-0.002183,-0.002165,-0.002141,-0.002112,-0.002081,-0.002047,-0.002011,-0.001974,-0.001935,-0.001896,-0.001855,-0.001814,-0.001773,-0.001732,-0.00169,-0.001649,-0.001608,-0.001567,-0.001526,-0.001486,-0.001447,-0.001407,-0.001369,-0.001331,-0.001294,-0.001258,-0.001222,-0.001187,-0.001153,-0.00112,-0.001087,-0.001056,-0.001025,-0.000995,-0.000966,-0.000937,-0.00091,-0.000883,-0.000857,-0.000832,-0.000807,-0.000784,-0.000761,-0.000738,-0.000717,-0.000696,-0.000675,-0.000656,-0.000637,-0.000618,-0.000601,-0.000583,-0.000567,-0.000551,-0.000535,-0.00052,-0.000505,-0.000491,-0.000477,-0.000464,-0.000451,-0.000439,-0.000427,-0.000415,-0.000404,-0.000393,-0.000383,-0.000372
0.397673,0.3947,0.384681,0.362046,0.308493,0.185219,0.074279,0.033596,0.017797,0.010311,0.006241,0.003815,0.00227,0.001239,0.000526,1.9e-005,-0.000348,-0.000618,-0.000818,-0.000967,-0.001079,-0.00116,-0.00122,-0.001262,-0.00129,-0.001308,-0.001316,-0.001318,-0.001313,-0.001304,-0.001291,-0.001276,-0.001257,-0.001237,-0.001216,-0.001193,-0.001169,-0.001144,-0.001119,-0.001094,-0.001068,-0.001043,-0.001017,-0.000992,-0.000967,-0.000942,-0.000917,-0.000893,-0.000869,-0.000846,-0.000823,-0.000801,-0.000779,-0.000758,-0.000737,-0.000717,-0.000697,-0.000678,-0.000659,-0.000641,-0.000624,-0.000606,-0.00059,-0.000573,-0.000558,-0.000542,-0.000528,-0.000513,-0.000499,-0.000486,-0.000472,-0.00046,-0.000447,-0.000435,-0.000424,-0.000413,-0.000402,-0.000391,-0.000381,-0.000371,-0.000361
0.310412,0.305995,0.29189,0.264221,0.216864,0.151013,0.090366,0.05247,0.03179,0.020259,0.013436,0.00916,0.006346,0.00442,0.003059,0.002072,0.001341,0.00079,0.00037,4.5e-005,-0.000207,-0.000405,-0.00056,-0.000681,-0.000776,-0.00085,-0.000907,-0.00095,-0.000982,-0.001005,-0.001019,-0.001028,-0.001031,-0.00103,-0.001025,-0.001018,-0.001008,-0.000995,-0.000981,-0.000966,-0.00095,-0.000933,-0.000915,-0.000897,-0.000878,-0.000859,-0.00084,-0.000821,-0.000802,-0.000783,-0.000764,-0.000745,-0.000727,-0.000709,-0.000691,-0.000673,-0.000656,-0.000639,-0.000623,-0.000607,-0.000591,-0.000576,-0.000561,-0.000546,-0.000532,-0.000518,-0.000504,-0.000491,-0.000478,-0.000466,-0.000454,-0.000442,-0.00043,-0.000419,-0.000408,-0.000398,-0.000388,-0.000378,-0.000368,-0.000359,-0.00035
0.239284,0.234909,0.221623,0.198274,0.164592,0.124488,0.086777,0.058201,0.039078,0.026757,0.018752,0.013417,0.009757,0.007176,0.005309,0.00393,0.002892,0.002098,0.001484,0.001002,0.000621,0.000317,7.4e-005,-0.000122,-0.00028,-0.000407,-0.00051,-0.000593,-0.000659,-0.000712,-0.000753,-0.000785,-0.000809,-0.000827,-0.000839,-0.000846,-0.000849,-0.000849,-0.000846,-0.00084,-0.000833,-0.000824,-0.000814,-0.000802,-0.00079,-0.000777,-0.000763,-0.000749,-0.000734,-0.000719,-0.000704,-0.000689,-0.000674,-0.000659,-0.000644,-0.00063,-0.000615,-0.0006,-0.000586,-0.000572,-0.000558,-0.000545,-0.000531,-0.000518,-0.000506,-0.000493,-0.000481,-0.000469,-0.000457,-0.000446,-0.000435,-0.000424,-0.000413,-0.000403,-0.000393,-0.000383,-0.000374,-0.000365,-0.000356,-0.000347,-0.000338
0.184573,0.180962,0.170365,0.152921,0.129697,0.103483,0.078305,0.05733,0.041497,0.030141,0.022126,0.016448,0.012374,0.009401,0.007196,0.005532,0.004259,0.003271,0.002496,0.001881,0.001389,0.000992,0.00067,0.000408,0.000193,1.6e-005,-0.00013,-0.000249,-0.000348,-0.000429,-0.000496,-0.00055,-0.000593,-0.000628,-0.000656,-0.000677,-0.000693,-0.000705,-0.000712,-0.000716,-0.000718,-0.000717,-0.000714,-0.000709,-0.000703,-0.000695,-0.000687,-0.000677,-0.000667,-0.000657,-0.000645,-0.000634,-0.000622,-0.00061,-0.000598,-0.000586,-0.000574,-0.000562,-0.00055,-0.000538,-0.000526,-0.000514,-0.000502,-0.000491,-0.000479,-0.000468,-0.000457,-0.000446,-0.000436,-0.000426,-0.000416,-0.000406,-0.000396,-0.000387,-0.000377,-0.000368,-0.00036,-0.000351,-0.000343,-0.000335,-0.000327
0.143689,0.140958,0.133101,0.120596,0.104516,0.086646,0.069114,0.053639,0.041023,0.031246,0.023863,0.018338,0.014196,0.01107,0.008685,0.006847,0.005415,0.004286,0.003388,0.002668,0.002085,0.00161,0.001221,0.0009,0.000635,0.000414,0.000231,7.7e-005,-5.1e-005,-0.000158,-0.000248,-0.000323,-0.000385,-0.000437,-0.000479,-0.000514,-0.000542,-0.000564,-0.000582,-0.000595,-0.000605,-0.000612,-0.000616,-0.000617,-0.000617,-0.000615,-0.000612,-0.000607,-0.000601,-0.000594,-0.000587,-0.000579,-0.000571,-0.000562,-0.000552,-0.000543,-0.000533,-0.000523,-0.000513,-0.000503,-0.000493,-0.000483,-0.000473,-0.000463,-0.000453,-0.000443,-0.000434,-0.000424,-0.000415,-0.000405,-0.000396,-0.000387,-0.000379,-0.00037,-0.000362,-0.000353,-0.000345,-0.000337,-0.00033,-0.000322,-0.000315
0.113386,0.111399,0.105737,0.09686,0.085584,0.073048,0.060492,0.04895,0.039022,0.030874,0.024381,0.019286,0.015313,0.012213,0.009785,0.00787,0.006349,0.005131,0.00415,0.003352,0.0027,0.002164,0.00172,0.001351,0.001043,0.000784,0.000567,0.000384,0.000229,9.8e-005,-1.2e-005,-0.000106,-0.000185,-0.000252,-0.000309,-0.000356,-0.000395,-0.000428,-0.000455,-0.000477,-0.000495,-0.000509,-0.00052,-0.000528,-0.000533,-0.000536,-0.000538,-0.000537,-0.000536,-0.000533,-0.000529,-0.000525,-0.000519,-0.000513,-0.000507,-0.0005,-0.000492,-0.000485,-0.000477,-0.000469,-0.000461,-0.000452,-0.000444,-0.000435,-0.000427,-0.000418,-0.00041,-0.000402,-0.000393,-0.000385,-0.000377,-0.000369,-0.000361,-0.000354,-0.000346,-0.000338,-0.000331,-0.000324,-0.000317,-0.00031,-0.000303
0.09083,0.089402,0.085347,0.079019,0.070992,0.062001,0.052821,0.044111,0.036314,0.029628,0.024064,0.019522,0.015853,0.012901,0.010528,0.008615,0.007066,0.005807,0.004777,0.00393,0.00323,0.002648,0.002163,0.001755,0.001412,0.001123,0.000877,0.000668,0.000491,0.000339,0.00021,9.9e-005,4e-006,-7.7e-005,-0.000146,-0.000205,-0.000255,-0.000297,-0.000333,-0.000363,-0.000389,-0.000409,-0.000426,-0.00044,-0.000451,-0.000459,-0.000465,-0.00047,-0.000472,-0.000473,-0.000473,-0.000471,-0.000469,-0.000466,-0.000462,-0.000457,-0.000452,-0.000447,-0.000441,-0.000435,-0.000428,-0.000422,-0.000415,-0.000408,-0.000401,-0.000394,-0.000387,-0.000379,-0.000372,-0.000365,-0.000358,-0.000351,-0.000344,-0.000337,-0.00033,-0.000323,-0.000317,-0.00031,-0.000304,-0.000297,-0.000291
0.073857,0.072829,0.06991,0.065352,0.059546,0.052978,0.046151,0.039506,0.033366,0.027915,0.023218,0.019252,0.015947,0.013215,0.010964,0.009111,0.007584,0.006321,0.005274,0.004403,0.003674,0.003063,0.002548,0.002112,0.001743,0.001428,0.001159,0.000929,0.000732,0.000563,0.000417,0.000291,0.000183,8.9e-005,9e-006,-6.1e-005,-0.00012,-0.000172,-0.000216,-0.000254,-0.000286,-0.000313,-0.000336,-0.000355,-0.000371,-0.000384,-0.000395,-0.000403,-0.00041,-0.000414,-0.000417,-0.000419,-0.000419,-0.000419,-0.000418,-0.000416,-0.000413,-0.000409,-0.000405,-0.000401,-0.000396,-0.000391,-0.000386,-0.000381,-0.000375,-0.000369,-0.000363,-0.000357,-0.000351,-0.000345,-0.000339,-0.000333,-0.000327,-0.00032,-0.000314,-0.000308,-0.000302,-0.000296,-0.000291,-0.000285,-0.000279
0.060908,0.06016,0.058036,0.054709,0.050445,0.045567,0.040414,0.03529,0.030433,0.025998,0.022062,0.018644,0.015718,0.013238,0.01115,0.009396,0.007924,0.006689,0.00565,0.004775,0.004035,0.003408,0.002875,0.002421,0.002032,0.001699,0.001412,0.001166,0.000953,0.000768,0.000609,0.00047,0.00035,0.000245,0.000155,7.6e-005,7e-006,-5.2e-005,-0.000104,-0.000149,-0.000187,-0.000221,-0.000249,-0.000274,-0.000294,-0.000312,-0.000327,-0.000339,-0.000349,-0.000357,-0.000363,-0.000368,-0.000371,-0.000373,-0.000374,-0.000374,-0.000374,-0.000372,-0.00037,-0.000368,-0.000365,-0.000361,-0.000358,-0.000354,-0.000349,-0.000345,-0.00034,-0.000335,-0.00033,-0.000325,-0.00032,-0.000314,-0.000309,-0.000304,-0.000299,-0.000293,-0.000288,-0.000283,-0.000278,-0.000272,-0.000267
0.050882,0.050331,0.048765,0.046301,0.043121,0.039445,0.035504,0.031513,0.027648,0.024035,0.020749,0.017825,0.015263,0.013044,0.011136,0.009505,0.008113,0.006927,0.005916,0.005054,0.004318,0.003687,0.003147,0.002682,0.002281,0.001936,0.001636,0.001377,0.001151,0.000955,0.000784,0.000635,0.000505,0.000391,0.000291,0.000204,0.000128,6.1e-005,2e-006,-4.9e-005,-9.3e-005,-0.000132,-0.000166,-0.000195,-0.00022,-0.000242,-0.00026,-0.000276,-0.00029,-0.000301,-0.00031,-0.000318,-0.000324,-0.000328,-0.000332,-0.000334,-0.000336,-0.000336,-0.000336,-0.000335,-0.000334,-0.000332,-0.00033,-0.000327,-0.000324,-0.000321,-0.000317,-0.000313,-0.000309,-0.000305,-0.000301,-0.000296,-0.000292,-0.000287,-0.000283,-0.000278,-0.000274,-0.000269,-0.000264,-0.00026,-0.000255
0.043005,0.042594,0.041423,0.039571,0.037165,0.034356,0.031306,0.028167,0.025072,0.02212,0.01938,0.016889,0.014662,0.012694,0.010972,0.009474,0.008176,0.007054,0.006086,0.00525,0.004528,0.003905,0.003365,0.002898,0.002492,0.002139,0.001831,0.001563,0.001328,0.001123,0.000943,0.000785,0.000647,0.000525,0.000418,0.000323,0.00024,0.000167,0.000103,4.6e-005,-4e-006,-4.7e-005,-8.6e-005,-0.000119,-0.000149,-0.000174,-0.000197,-0.000216,-0.000232,-0.000247,-0.000259,-0.000269,-0.000278,-0.000285,-0.00029,-0.000295,-0.000298,-0.000301,-0.000302,-0.000303,-0.000303,-0.000303,-0.000302,-0.000301,-0.000299,-0.000297,-0.000294,-0.000292,-0.000289,-0.000285,-0.000282,-0.000279,-0.000275,-0.000271,-0.000267,-0.000263,-0.000259,-0.000255,-0.000251,-0.000247,-0.000243
0.036731,0.03642,0.035531,0.034121,0.032275,0.030101,0.027713,0.025222,0.022726,0.020305,0.018018,0.0159,0.013973,0.01224,0.010698,0.009335,0.008138,0.007089,0.006172,0.005373,0.004675,0.004066,0.003535,0.003071,0.002665,0.00231,0.001998,0.001724,0.001484,0.001272,0.001086,0.000921,0.000776,0.000648,0.000535,0.000434,0.000345,0.000267,0.000197,0.000136,8.1e-005,3.3e-005,-1e-005,-4.7e-005,-8e-005,-0.00011,-0.000135,-0.000158,-0.000177,-0.000194,-0.000209,-0.000222,-0.000233,-0.000242,-0.00025,-0.000256,-0.000262,-0.000266,-0.000269,-0.000272,-0.000273,-0.000274,-0.000275,-0.000275,-0.000274,-0.000273,-0.000272,-0.00027,-0.000268,-0.000266,-0.000263,-0.000261,-0.000258,-0.000255,-0.000252,-0.000249,-0.000245,-0.000242,-0.000239,-0.000235,-0.000232
0.031668,0.03143,0.030746,0.029657,0.028223,0.026521,0.024631,0.022636,0.020611,0.018617,0.016703,0.014903,0.013239,0.011719,0.010347,0.009116,0.008021,0.007049,0.00619,0.005432,0.004765,0.004178,0.00366,0.003205,0.002804,0.00245,0.002138,0.001863,0.001619,0.001403,0.001212,0.001043,0.000893,0.00076,0.000641,0.000536,0.000443,0.000359,0.000285,0.000219,0.000161,0.000109,6.2e-005,2.1e-005,-1.6e-005,-4.8e-005,-7.7e-005,-0.000102,-0.000124,-0.000144,-0.000161,-0.000176,-0.000189,-0.000201,-0.000211,-0.000219,-0.000226,-0.000232,-0.000237,-0.000241,-0.000244,-0.000247,-0.000248,-0.000249,-0.00025,-0.00025,-0.00025,-0.000249,-0.000248,-0.000247,-0.000245,-0.000243,-0.000241,-0.000239,-0.000237,-0.000234,-0.000231,-0.000229,-0.000226,-0.000223,-0.00022
0.027535,0.027349,0.026817,0.025965,0.024838,0.023489,0.021979,0.020369,0.018714,0.017063,0.015458,0.013927,0.012491,0.011162,0.009945,0.00884,0.007843,0.00695,0.006151,0.005439,0.004807,0.004245,0.003746,0.003303,0.002911,0.002562,0.002253,0.001978,0.001734,0.001517,0.001323,0.001151,0.000998,0.000861,0.000738,0.000629,0.000532,0.000445,0.000367,0.000297,0.000235,0.00018,0.00013,8.6e-005,4.6e-005,1.1e-005,-2.1e-005,-4.9e-005,-7.4e-005,-9.6e-005,-0.000115,-0.000132,-0.000148,-0.000161,-0.000173,-0.000183,-0.000192,-0.000199,-0.000206,-0.000211,-0.000216,-0.000219,-0.000222,-0.000225,-0.000226,-0.000227,-0.000228,-0.000228,-0.000228,-0.000228,-0.000227,-0.000226,-0.000225,-0.000223,-0.000221,-0.000219,-0.000217,-0.000215,-0.000213,-0.000211,-0.000208
0.024123,0.023977,0.023557,0.022883,0.021987,0.020908,0.01969,0.018379,0.017018,0.015645,0.014294,0.012989,0.01175,0.010589,0.009513,0.008524,0.007622,0.006805,0.006067,0.005403,0.004807,0.004274,0.003796,0.00337,0.002989,0.002649,0.002345,0.002073,0.00183,0.001613,0.001419,0.001246,0.00109,0.000951,0.000826,0.000714,0.000613,0.000523,0.000442,0.00037,0.000305,0.000246,0.000194,0.000146,0.000104,6.6e-005,3.2e-005,2e-006,-2.5e-005,-4.9e-005,-7.1e-005,-9e-005,-0.000107,-0.000123,-0.000136,-0.000148,-0.000158,-0.000167,-0.000175,-0.000182,-0.000188,-0.000193,-0.000197,-0.0002,-0.000203,-0.000205,-0.000207,-0.000208,-0.000209,-0.000209,-0.000209,-0.000209,-0.000208,-0.000207,-0.000206,-0.000205,-0.000204,-0.000202,-0.0002,-0.000198,-0.000196
0.021279,0.021163,0.020828,0.020289,0.019569,0.018697,0.017706,0.016631,0.015504,0.014357,0.013215,0.012101,0.01103,0.010016,0.009066,0.008184,0.00737,0.006626,0.005947,0.005331,0.004774,0.00427,0.003817,0.003409,0.003041,0.002711,0.002415,0.002149,0.001909,0.001694,0.001501,0.001327,0.001171,0.00103,0.000904,0.00079,0.000687,0.000595,0.000512,0.000436,0.000369,0.000308,0.000253,0.000203,0.000159,0.000119,8.3e-005,5e-005,2.1e-005,-5e-006,-2.9e-005,-5e-005,-6.9e-005,-8.6e-005,-0.000101,-0.000114,-0.000126,-0.000136,-0.000146,-0.000154,-0.000161,-0.000167,-0.000172,-0.000177,-0.00018,-0.000184,-0.000186,-0.000188,-0.00019,-0.000191,-0.000192,-0.000192,-0.000192,-0.000192,-0.000192,-0.000191,-0.00019,-0.000189,-0.000188,-0.000186,-0.000185
0.018887,0.018793,0.018523,0.018088,0.017504,0.016793,0.01598,0.015092,0.014153,0.013189,0.012221,0.011266,0.010341,0.009455,0.008616,0.00783,0.007098,0.006422,0.005801,0.005232,0.004712,0.00424,0.003811,0.003423,0.003071,0.002753,0.002466,0.002207,0.001972,0.001761,0.001569,0.001397,0.001241,0.0011,0.000973,0.000858,0.000754,0.00066,0.000575,0.000498,0.000428,0.000365,0.000308,0.000257,0.00021,0.000168,0.00013,9.6e-005,6.4e-005,3.6e-005,1.1e-005,-1.1e-005,-3.2e-005,-5e-005,-6.7e-005,-8.2e-005,-9.5e-005,-0.000107,-0.000117,-0.000126,-0.000134,-0.000142,-0.000148,-0.000154,-0.000158,-0.000162,-0.000166,-0.000169,-0.000171,-0.000173,-0.000175,-0.000176,-0.000177,-0.000177,-0.000177,-0.000177,-0.000177,-0.000176,-0.000176,-0.000175,-0.000174
0.016857,0.016781,0.016562,0.016206,0.015728,0.015144,0.014472,0.013733,0.012947,0.012133,0.011308,0.010489,0.009687,0.008912,0.008172,0.007472,0.006815,0.006202,0.005634,0.00511,0.004629,0.004188,0.003784,0.003416,0.003081,0.002777,0.0025,0.002248,0.00202,0.001813,0.001625,0.001455,0.0013,0.00116,0.001033,0.000918,0.000813,0.000718,0.000632,0.000553,0.000482,0.000418,0.000359,0.000306,0.000258,0.000214,0.000174,0.000138,0.000106,7.6e-005,4.9e-005,2.5e-005,3e-006,-1.7e-005,-3.4e-005,-5e-005,-6.5e-005,-7.8e-005,-8.9e-005,-0.0001,-0.000109,-0.000117,-0.000125,-0.000131,-0.000137,-0.000142,-0.000146,-0.00015,-0.000153,-0.000156,-0.000158,-0.00016,-0.000161,-0.000162,-0.000163,-0.000163,-0.000164,-0.000164,-0.000163,-0.000163,-0.000162
0.015123,0.015061,0.01488,0.014588,0.014194,0.013709,0.01315,0.012531,0.011869,0.011178,0.010473,0.009767,0.00907,0.008392,0.007739,0.007115,0.006526,0.005972,0.005454,0.004973,0.004528,0.004117,0.003739,0.003392,0.003074,0.002784,0.002518,0.002276,0.002055,0.001853,0.00167,0.001502,0.00135,0.001211,0.001085,0.00097,0.000865,0.00077,0.000683,0.000604,0.000532,0.000466,0.000406,0.000352,0.000302,0.000257,0.000216,0.000179,0.000145,0.000114,8.5e-005,6e-005,3.7e-005,1.6e-005,-3e-006,-2.1e-005,-3.6e-005,-5e-005,-6.3e-005,-7.4e-005,-8.5e-005,-9.4e-005,-0.000102,-0.000109,-0.000116,-0.000122,-0.000127,-0.000131,-0.000135,-0.000139,-0.000141,-0.000144,-0.000146,-0.000148,-0.000149,-0.00015,-0.000151,-0.000151,-0.000151,-0.000152,-0.000151
0.01363,0.013579,0.013429,0.013187,0.012859,0.012455,0.011986,0.011465,0.010903,0.010315,0.00971,0.009099,0.008493,0.007898,0.007321,0.006766,0.006237,0.005736,0.005265,0.004825,0.004414,0.004032,0.003679,0.003353,0.003053,0.002777,0.002523,0.002291,0.002077,0.001882,0.001704,0.00154,0.001391,0.001254,0.001129,0.001015,0.000911,0.000816,0.000728,0.000649,0.000576,0.00051,0.000449,0.000394,0.000343,0.000297,0.000255,0.000216,0.000181,0.000149,0.00012,9.3e-005,6.9e-005,4.6e-005,2.6e-005,8e-006,-9e-006,-2.4e-005,-3.8e-005,-5e-005,-6.1e-005,-7.1e-005,-8e-005,-8.8e-005,-9.6e-005,-0.000102,-0.000108,-0.000113,-0.000118,-0.000122,-0.000125,-0.000129,-0.000131,-0.000133,-0.000135,-0.000137,-0.000138,-0.000139,-0.00014,-0.00014,-0.000141
0.012338,0.012294,0.01217,0.011967,0.011693,0.011353,0.010958,0.010516,0.010038,0.009533,0.009012,0.008483,0.007954,0.007431,0.00692,0.006426,0.005952,0.0055,0.005072,0.004668,0.00429,0.003937,0.003608,0.003302,0.003019,0.002758,0.002517,0.002294,0.002089,0.001901,0.001728,0.001569,0.001423,0.001289,0.001166,0.001054,0.00095,0.000856,0.000769,0.000689,0.000616,0.00055,0.000488,0.000432,0.000381,0.000334,0.000291,0.000251,0.000215,0.000182,0.000152,0.000124,9.9e-005,7.5e-005,5.4e-005,3.5e-005,1.7e-005,1e-006,-1.3e-005,-2.6e-005,-3.8e-005,-4.9e-005,-5.9e-005,-6.8e-005,-7.6e-005,-8.4e-005,-9e-005,-9.6e-005,-0.000101,-0.000106,-0.00011,-0.000114,-0.000117,-0.000119,-0.000122,-0.000124,-0.000126,-0.000127,-0.000128,-0.000129,-0.00013
0.011211,0.011175,0.01107,0.0109,0.010668,0.010381,0.010046,0.009669,0.00926,0.008826,0.008375,0.007915,0.007452,0.006992,0.006539,0.006098,0.005673,0.005265,0.004876,0.004507,0.00416,0.003833,0.003527,0.003242,0.002976,0.002729,0.0025,0.002288,0.002092,0.001911,0.001744,0.00159,0.001448,0.001317,0.001197,0.001086,0.000984,0.00089,0.000804,0.000725,0.000652,0.000585,0.000524,0.000467,0.000415,0.000368,0.000324,0.000284,0.000247,0.000213,0.000182,0.000153,0.000127,0.000103,8.1e-005,6.1e-005,4.2e-005,2.6e-005,1e-005,-4e-006,-1.7e-005,-2.8e-005,-3.9e-005,-4.9e-005,-5.7e-005,-6.5e-005,-7.3e-005,-7.9e-005,-8.5e-005,-9e-005,-9.5e-005,-9.9e-005,-0.000103,-0.000106,-0.000109,-0.000111,-0.000113,-0.000115,-0.000117,-0.000118,-0.000119
0.010225,0.010194,0.010106,0.009961,0.009765,0.00952,0.009234,0.008912,0.00856,0.008185,0.007794,0.007392,0.006986,0.006579,0.006178,0.005785,0.005403,0.005034,0.004681,0.004344,0.004025,0.003723,0.00344,0.003173,0.002924,0.002691,0.002475,0.002273,0.002086,0.001912,0.001752,0.001603,0.001465,0.001338,0.001221,0.001112,0.001012,0.00092,0.000835,0.000756,0.000684,0.000617,0.000556,0.000499,0.000447,0.000399,0.000354,0.000313,0.000276,0.000241,0.00021,0.00018,0.000153,0.000129,0.000106,8.5e-005,6.6e-005,4.8e-005,3.2e-005,1.8e-005,4e-006,-8e-006,-2e-005,-3e-005,-3.9e-005,-4.8e-005,-5.6e-005,-6.3e-005,-6.9e-005,-7.5e-005,-8e-005,-8.5e-005,-8.9e-005,-9.3e-005,-9.6e-005,-9.9e-005,-0.000102,-0.000104,-0.000106,-0.000108,-0.000109
0.009356,0.00933,0.009255,0.009132,0.008964,0.008755,0.008509,0.008232,0.007928,0.007603,0.007262,0.00691,0.006553,0.006194,0.005837,0.005485,0.005142,0.004809,0.004488,0.004181,0.003888,0.00361,0.003347,0.003099,0.002866,0.002647,0.002442,0.002251,0.002073,0.001907,0.001753,0.00161,0.001477,0.001353,0.001239,0.001133,0.001035,0.000945,0.000861,0.000783,0.000711,0.000645,0.000584,0.000527,0.000475,0.000427,0.000382,0.000341,0.000303,0.000268,0.000236,0.000206,0.000178,0.000153,0.00013,0.000108,8.8e-005,7e-005,5.3e-005,3.8e-005,2.4e-005,1.1e-005,-1e-006,-1.2e-005,-2.2e-005,-3.1e-005,-3.9e-005,-4.7e-005,-5.4e-005,-6e-005,-6.6e-005,-7.1e-005,-7.6e-005,-8e-005,-8.4e-005,-8.7e-005,-9e-005,-9.3e-005,-9.5e-005,-9.7e-005,-9.9e-005
0.008588,0.008566,0.008501,0.008396,0.008252,0.008072,0.00786,0.00762,0.007357,0.007074,0.006775,0.006467,0.006151,0.005833,0.005515,0.005201,0.004892,0.004591,0.0043,0.004019,0.003751,0.003494,0.003251,0.00302,0.002802,0.002597,0.002404,0.002223,0.002054,0.001896,0.001748,0.001611,0.001482,0.001363,0.001252,0.001149,0.001054,0.000965,0.000883,0.000806,0.000735,0.00067,0.000609,0.000553,0.000501,0.000452,0.000408,0.000366,0.000328,0.000293,0.00026,0.00023,0.000202,0.000176,0.000152,0.00013,0.00011,9.1e-005,7.4e-005,5.8e-005,4.3e-005,2.9e-005,1.7e-005,5e-006,-5e-006,-1.5e-005,-2.4e-005,-3.2e-005,-3.9e-005,-4.6e-005,-5.2e-005,-5.8e-005,-6.3e-005,-6.7e-005,-7.2e-005,-7.5e-005,-7.9e-005,-8.2e-005,-8.5e-005,-8.7e-005,-8.9e-005
0.007905,0.007886,0.007831,0.00774,0.007616,0.007461,0.007277,0.007069,0.006839,0.006592,0.00633,0.006058,0.005779,0.005497,0.005213,0.004931,0.004653,0.004381,0.004116,0.00386,0.003614,0.003378,0.003152,0.002938,0.002734,0.002542,0.002361,0.00219,0.00203,0.001879,0.001738,0.001606,0.001483,0.001368,0.001261,0.001161,0.001068,0.000981,0.000901,0.000826,0.000756,0.000691,0.000631,0.000575,0.000523,0.000475,0.000431,0.000389,0.000351,0.000315,0.000282,0.000252,0.000223,0.000197,0.000173,0.00015,0.00013,0.00011,9.3e-005,7.6e-005,6.1e-005,4.7e-005,3.4e-005,2.2e-005,1.1e-005,1e-006,-8e-006,-1.7e-005,-2.5e-005,-3.2e-005,-3.9e-005,-4.5e-005,-5e-005,-5.5e-005,-6e-005,-6.4e-005,-6.8e-005,-7.1e-005,-7.4e-005,-7.7e-005,-8e-005
0.007297,0.00728,0.007232,0.007154,0.007046,0.006911,0.006752,0.00657,0.006369,0.006152,0.005922,0.005682,0.005434,0.005183,0.004929,0.004676,0.004426,0.004179,0.003939,0.003705,0.003479,0.003261,0.003053,0.002854,0.002664,0.002484,0.002314,0.002153,0.002001,0.001858,0.001724,0.001597,0.001479,0.001369,0.001265,0.001168,0.001078,0.000994,0.000915,0.000842,0.000773,0.00071,0.00065,0.000595,0.000544,0.000496,0.000451,0.00041,0.000372,0.000336,0.000303,0.000272,0.000244,0.000217,0.000192,0.00017,0.000148,0.000129,0.00011,9.4e-005,7.8e-005,6.3e-005,5e-005,3.8e-005,2.6e-005,1.6e-005,6e-006,-3e-006,-1.1e-005,-1.9e-005,-2.6e-005,-3.2e-005,-3.8e-005,-4.4e-005,-4.9e-005,-5.3e-005,-5.7e-005,-6.1e-005,-6.4e-005,-6.8e-005,-7e-005
0.006752,0.006737,0.006696,0.006627,0.006534,0.006416,0.006277,0.006118,0.005941,0.00575,0.005547,0.005334,0.005114,0.00489,0.004663,0.004435,0.004209,0.003986,0.003767,0.003554,0.003346,0.003146,0.002953,0.002768,0.002592,0.002423,0.002264,0.002112,0.001968,0.001833,0.001705,0.001585,0.001472,0.001365,0.001266,0.001172,0.001085,0.001003,0.000926,0.000854,0.000787,0.000725,0.000667,0.000612,0.000561,0.000514,0.00047,0.000429,0.000391,0.000355,0.000322,0.000291,0.000262,0.000235,0.000211,0.000187,0.000166,0.000146,0.000127,0.00011,9.4e-005,7.9e-005,6.6e-005,5.3e-005,4.1e-005,3e-005,2e-005,1e-005,2e-006,-6e-006,-1.4e-005,-2e-005,-2.7e-005,-3.2e-005,-3.8e-005,-4.2e-005,-4.7e-005,-5.1e-005,-5.5e-005,-5.8e-005,-6.1e-005
0.006262,0.00625,0.006213,0.006154,0.006072,0.005969,0.005847,0.005707,0.005551,0.005383,0.005203,0.005014,0.004818,0.004617,0.004413,0.004209,0.004004,0.003802,0.003602,0.003407,0.003217,0.003032,0.002854,0.002683,0.002518,0.002361,0.002211,0.002068,0.001933,0.001805,0.001683,0.001568,0.00146,0.001358,0.001263,0.001172,0.001088,0.001008,0.000934,0.000864,0.000799,0.000738,0.00068,0.000627,0.000577,0.00053,0.000487,0.000446,0.000408,0.000372,0.000339,0.000308,0.000279,0.000252,0.000227,0.000204,0.000182,0.000162,0.000143,0.000126,0.000109,9.4e-005,8e-005,6.7e-005,5.5e-005,4.4e-005,3.3e-005,2.3e-005,1.4e-005,6e-006,-2e-006,-9e-006,-1.5e-005,-2.1e-005,-2.7e-005,-3.2e-005,-3.7e-005,-4.1e-005,-4.5e-005,-4.9e-005,-5.2e-005
0.005821,0.00581,0.005778,0.005726,0.005654,0.005564,0.005456,0.005333,0.005195,0.005046,0.004886,0.004718,0.004543,0.004363,0.00418,0.003995,0.00381,0.003626,0.003444,0.003266,0.003091,0.002921,0.002756,0.002597,0.002444,0.002298,0.002157,0.002023,0.001895,0.001774,0.001658,0.001549,0.001446,0.001349,0.001257,0.00117,0.001088,0.001011,0.000939,0.000871,0.000808,0.000748,0.000692,0.000639,0.00059,0.000544,0.000501,0.000461,0.000423,0.000388,0.000355,0.000324,0.000295,0.000268,0.000243,0.000219,0.000198,0.000177,0.000158,0.00014,0.000124,0.000108,9.4e-005,8.1e-005,6.8e-005,5.7e-005,4.6e-005,3.6e-005,2.6e-005,1.8e-005,1e-005,2e-006,-5e-006,-1.1e-005,-1.7e-005,-2.2e-005,-2.7e-005,-3.2e-005,-3.6e-005,-4e-005,-4.4e-005
0.005422,0.005412,0.005384,0.005338,0.005275,0.005195,0.0051,0.004991,0.004869,0.004736,0.004594,0.004444,0.004287,0.004125,0.003961,0.003794,0.003626,0.003459,0.003293,0.003129,0.002969,0.002813,0.00266,0.002513,0.00237,0.002233,0.002102,0.001976,0.001855,0.001741,0.001631,0.001528,0.001429,0.001336,0.001248,0.001165,0.001086,0.001012,0.000942,0.000876,0.000814,0.000756,0.000701,0.00065,0.000601,0.000556,0.000514,0.000474,0.000437,0.000402,0.000369,0.000338,0.000309,0.000282,0.000257,0.000234,0.000212,0.000191,0.000172,0.000154,0.000137,0.000122,0.000107,9.3e-005,8.1e-005,6.9e-005,5.8e-005,4.8e-005,3.8e-005,2.9e-005,2.1e-005,1.3e-005,6e-006,-1e-006,-7e-006,-1.3e-005,-1.8e-005,-2.3e-005,-2.7e-005,-3.2e-005,-3.5e-005
0.00506,0.005052,0.005027,0.004986,0.00493,0.00486,0.004775,0.004678,0.00457,0.004452,0.004325,0.00419,0.004049,0.003904,0.003755,0.003604,0.003452,0.0033,0.003148,0.002999,0.002851,0.002707,0.002566,0.00243,0.002297,0.002169,0.002046,0.001928,0.001814,0.001706,0.001602,0.001504,0.00141,0.001321,0.001237,0.001157,0.001081,0.00101,0.000942,0.000878,0.000818,0.000762,0.000708,0.000658,0.000611,0.000566,0.000525,0.000485,0.000449,0.000414,0.000381,0.000351,0.000322,0.000296,0.000271,0.000247,0.000225,0.000204,0.000185,0.000167,0.00015,0.000134,0.000119,0.000106,9.3e-005,8.1e-005,6.9e-005,5.9e-005,4.9e-005,4e-005,3.1e-005,2.3e-005,1.6e-005,9e-006,3e-006,-3e-006,-9e-006,-1.4e-005,-1.9e-005,-2.3e-005,-2.7e-005
0.004731,0.004724,0.004702,0.004666,0.004616,0.004553,0.004478,0.004392,0.004296,0.00419,0.004076,0.003955,0.003829,0.003698,0.003563,0.003426,0.003288,0.003149,0.003011,0.002873,0.002738,0.002605,0.002475,0.002348,0.002224,0.002105,0.00199,0.001879,0.001772,0.00167,0.001572,0.001479,0.001389,0.001305,0.001224,0.001147,0.001075,0.001006,0.000941,0.000879,0.000821,0.000766,0.000714,0.000665,0.000618,0.000575,0.000534,0.000495,0.000459,0.000425,0.000393,0.000363,0.000334,0.000308,0.000283,0.000259,0.000237,0.000216,0.000197,0.000179,0.000162,0.000146,0.000131,0.000117,0.000104,9.2e-005,8e-005,6.9e-005,5.9e-005,5e-005,4.1e-005,3.3e-005,2.5e-005,1.8e-005,1.2e-005,5e-006,-0,-6e-006,-1.1e-005,-1.5e-005,-2e-005
0.004431,0.004425,0.004405,0.004373,0.004329,0.004273,0.004206,0.004129,0.004043,0.003948,0.003846,0.003737,0.003623,0.003505,0.003383,0.003259,0.003133,0.003006,0.002879,0.002753,0.002629,0.002506,0.002385,0.002268,0.002153,0.002042,0.001934,0.00183,0.001729,0.001633,0.00154,0.001452,0.001367,0.001286,0.001209,0.001136,0.001066,0.001,0.000937,0.000877,0.000821,0.000768,0.000717,0.000669,0.000624,0.000582,0.000542,0.000504,0.000468,0.000434,0.000403,0.000373,0.000345,0.000318,0.000294,0.00027,0.000248,0.000228,0.000208,0.00019,0.000173,0.000157,0.000142,0.000128,0.000114,0.000102,9e-005,7.9e-005,6.9e-005,6e-005,5.1e-005,4.2e-005,3.5e-005,2.7e-005,2e-005,1.4e-005,8e-006,3e-006,-3e-006,-7e-006,-1.2e-005
0.004157,0.004151,0.004134,0.004105,0.004066,0.004016,0.003956,0.003887,0.00381,0.003725,0.003633,0.003535,0.003432,0.003325,0.003214,0.003101,0.002986,0.00287,0.002754,0.002639,0.002524,0.002411,0.002299,0.00219,0.002083,0.001979,0.001878,0.00178,0.001686,0.001595,0.001508,0.001424,0.001343,0.001266,0.001193,0.001123,0.001056,0.000992,0.000932,0.000874,0.00082,0.000768,0.000719,0.000673,0.000629,0.000587,0.000548,0.000511,0.000476,0.000443,0.000411,0.000382,0.000354,0.000328,0.000303,0.00028,0.000258,0.000238,0.000219,0.0002,0.000183,0.000167,0.000152,0.000138,0.000124,0.000112,0.0001,8.9e-005,7.9e-005,6.9e-005,6e-005,5.1e-005,4.3e-005,3.6e-005,2.9e-005,2.2e-005,1.6e-005,1e-005,5e-006,0,-5e-006
0.003906,0.003901,0.003885,0.00386,0.003824,0.00378,0.003726,0.003664,0.003594,0.003518,0.003435,0.003346,0.003253,0.003156,0.003056,0.002953,0.002848,0.002742,0.002636,0.002529,0.002423,0.002319,0.002215,0.002114,0.002014,0.001917,0.001823,0.001731,0.001643,0.001557,0.001474,0.001395,0.001318,0.001245,0.001175,0.001108,0.001044,0.000983,0.000925,0.00087,0.000817,0.000767,0.000719,0.000674,0.000632,0.000591,0.000553,0.000517,0.000482,0.00045,0.000419,0.00039,0.000363,0.000337,0.000312,0.000289,0.000268,0.000247,0.000228,0.00021,0.000193,0.000177,0.000161,0.000147,0.000134,0.000121,0.000109,9.8e-005,8.8e-005,7.8e-005,6.8e-005,6e-005,5.2e-005,4.4e-005,3.7e-005,3e-005,2.4e-005,1.8e-005,1.2e-005,7e-006,2e-006
0.003676,0.003671,0.003657,0.003634,0.003602,0.003562,0.003514,0.003458,0.003395,0.003326,0.003251,0.003171,0.003087,0.002998,0.002907,0.002813,0.002717,0.00262,0.002523,0.002425,0.002327,0.00223,0.002134,0.00204,0.001948,0.001857,0.001769,0.001683,0.001599,0.001519,0.001441,0.001365,0.001293,0.001223,0.001157,0.001093,0.001031,0.000973,0.000917,0.000864,0.000813,0.000765,0.000719,0.000675,0.000633,0.000594,0.000556,0.000521,0.000487,0.000456,0.000426,0.000397,0.00037,0.000345,0.00032,0.000298,0.000276,0.000256,0.000237,0.000219,0.000202,0.000185,0.00017,0.000156,0.000143,0.00013,0.000118,0.000107,9.6e-005,8.6e-005,7.7e-005,6.8e-005,6e-005,5.2e-005,4.4e-005,3.8e-005,3.1e-005,2.5e-005,1.9e-005,1.4e-005,9e-006
0.003464,0.003459,0.003447,0.003426,0.003398,0.003361,0.003318,0.003268,0.003211,0.003148,0.003081,0.003008,0.002931,0.002851,0.002767,0.002682,0.002594,0.002505,0.002415,0.002325,0.002235,0.002145,0.002056,0.001969,0.001883,0.001798,0.001715,0.001635,0.001556,0.00148,0.001407,0.001335,0.001267,0.001201,0.001137,0.001076,0.001017,0.000961,0.000908,0.000856,0.000808,0.000761,0.000716,0.000674,0.000634,0.000595,0.000559,0.000524,0.000492,0.00046,0.000431,0.000403,0.000376,0.000351,0.000328,0.000305,0.000284,0.000264,0.000245,0.000227,0.00021,0.000194,0.000178,0.000164,0.000151,0.000138,0.000126,0.000115,0.000104,9.4e-005,8.4e-005,7.6e-005,6.7e-005,5.9e-005,5.2e-005,4.5e-005,3.8e-005,3.2e-005,2.6e-005,2.1e-005,1.6e-005
0.003268,0.003264,0.003253,0.003234,0.003209,0.003176,0.003137,0.003091,0.00304,0.002983,0.002922,0.002856,0.002786,0.002712,0.002636,0.002558,0.002477,0.002396,0.002313,0.00223,0.002147,0.002064,0.001981,0.0019,0.001819,0.00174,0.001663,0.001587,0.001514,0.001442,0.001373,0.001305,0.00124,0.001177,0.001117,0.001059,0.001003,0.000949,0.000898,0.000848,0.000801,0.000756,0.000713,0.000672,0.000633,0.000596,0.000561,0.000527,0.000495,0.000464,0.000435,0.000408,0.000382,0.000357,0.000334,0.000312,0.000291,0.000271,0.000252,0.000234,0.000217,0.000201,0.000186,0.000172,0.000158,0.000146,0.000134,0.000122,0.000111,0.000101,9.2e-005,8.3e-005,7.4e-005,6.6e-005,5.9e-005,5.2e-005,4.5e-005,3.9e-005,3.3e-005,2.7e-005,2.2e-005
0.003088,0.003084,0.003074,0.003057,0.003034,0.003004,0.002969,0.002928,0.002881,0.00283,0.002774,0.002713,0.00265,0.002583,0.002513,0.002441,0.002367,0.002292,0.002216,0.002139,0.002062,0.001985,0.001909,0.001833,0.001758,0.001684,0.001612,0.001541,0.001472,0.001404,0.001339,0.001275,0.001213,0.001154,0.001096,0.001041,0.000987,0.000936,0.000887,0.000839,0.000794,0.000751,0.000709,0.000669,0.000632,0.000595,0.000561,0.000528,0.000497,0.000467,0.000439,0.000412,0.000387,0.000362,0.000339,0.000317,0.000297,0.000277,0.000258,0.000241,0.000224,0.000208,0.000193,0.000179,0.000165,0.000153,0.000141,0.000129,0.000119,0.000108,9.9e-005,9e-005,8.1e-005,7.3e-005,6.5e-005,5.8e-005,5.1e-005,4.5e-005,3.9e-005,3.3e-005,2.8e-005
0.002921,0.002918,0.002908,0.002893,0.002872,0.002845,0.002813,0.002776,0.002733,0.002686,0.002635,0.002581,0.002522,0.002461,0.002397,0.002331,0.002263,0.002194,0.002124,0.002053,0.001982,0.001911,0.001839,0.001769,0.001699,0.00163,0.001562,0.001496,0.00143,0.001367,0.001305,0.001245,0.001186,0.00113,0.001075,0.001022,0.000971,0.000922,0.000875,0.000829,0.000786,0.000744,0.000704,0.000666,0.000629,0.000594,0.000561,0.000529,0.000498,0.000469,0.000442,0.000415,0.00039,0.000367,0.000344,0.000322,0.000302,0.000283,0.000264,0.000247,0.00023,0.000214,0.0002,0.000185,0.000172,0.000159,0.000147,0.000136,0.000125,0.000115,0.000105,9.6e-005,8.8e-005,7.9e-005,7.2e-005,6.4e-005,5.8e-005,5.1e-005,4.5e-005,3.9e-005,3.4e-005
0.002766,0.002763,0.002755,0.002741,0.002722,0.002697,0.002668,0.002634,0.002595,0.002553,0.002506,0.002456,0.002403,0.002347,0.002288,0.002228,0.002165,0.002101,0.002037,0.001971,0.001905,0.001839,0.001773,0.001707,0.001642,0.001577,0.001514,0.001451,0.00139,0.00133,0.001272,0.001215,0.001159,0.001106,0.001053,0.001003,0.000954,0.000907,0.000862,0.000819,0.000777,0.000737,0.000698,0.000661,0.000626,0.000592,0.000559,0.000528,0.000499,0.000471,0.000444,0.000418,0.000394,0.00037,0.000348,0.000327,0.000307,0.000288,0.000269,0.000252,0.000236,0.00022,0.000205,0.000191,0.000178,0.000165,0.000153,0.000142,0.000131,0.000121,0.000111,0.000102,9.4e-005,8.5e-005,7.8e-005,7e-005,6.3e-005,5.7e-005,5.1e-005,4.5e-005,3.9e-005
0.002622,0.00262,0.002612,0.0026,0.002582,0.00256,0.002533,0.002502,0.002467,0.002428,0.002385,0.00234,0.002291,0.002239,0.002185,0.00213,0.002072,0.002013,0.001953,0.001893,0.001831,0.00177,0.001708,0.001647,0.001586,0.001526,0.001466,0.001408,0.00135,0.001294,0.001239,0.001185,0.001132,0.001081,0.001032,0.000984,0.000937,0.000893,0.000849,0.000808,0.000767,0.000729,0.000692,0.000656,0.000622,0.000589,0.000558,0.000527,0.000499,0.000471,0.000445,0.00042,0.000396,0.000373,0.000351,0.000331,0.000311,0.000292,0.000274,0.000257,0.000241,0.000225,0.000211,0.000197,0.000184,0.000171,0.000159,0.000148,0.000137,0.000127,0.000117,0.000108,9.9e-005,9.1e-005,8.3e-005,7.6e-005,6.9e-005,6.2e-005,5.6e-005,5e-005,4.5e-005
0.002489,0.002487,0.00248,0.002468,0.002452,0.002432,0.002408,0.002379,0.002347,0.002311,0.002272,0.00223,0.002185,0.002138,0.002089,0.002037,0.001984,0.00193,0.001874,0.001818,0.001761,0.001704,0.001647,0.00159,0.001533,0.001476,0.00142,0.001365,0.001311,0.001258,0.001206,0.001155,0.001105,0.001057,0.00101,0.000964,0.00092,0.000877,0.000836,0.000796,0.000757,0.00072,0.000684,0.00065,0.000617,0.000585,0.000555,0.000526,0.000498,0.000471,0.000445,0.000421,0.000398,0.000375,0.000354,0.000334,0.000314,0.000296,0.000278,0.000261,0.000245,0.00023,0.000216,0.000202,0.000189,0.000176,0.000164,0.000153,0.000142,0.000132,0.000123,0.000113,0.000105,9.7e-005,8.9e-005,8.1e-005,7.4e-005,6.8e-005,6.1e-005,5.5e-005,5e-005
0.002365,0.002362,0.002356,0.002346,0.002331,0.002313,0.00229,0.002264,0.002235,0.002202,0.002166,0.002128,0.002087,0.002043,0.001997,0.00195,0.001901,0.001851,0.001799,0.001747,0.001694,0.001641,0.001588,0.001534,0.001481,0.001428,0.001376,0.001324,0.001273,0.001223,0.001174,0.001126,0.001079,0.001033,0.000988,0.000945,0.000903,0.000862,0.000822,0.000784,0.000747,0.000711,0.000677,0.000644,0.000612,0.000581,0.000552,0.000523,0.000496,0.00047,0.000445,0.000422,0.000399,0.000377,0.000356,0.000336,0.000317,0.000299,0.000282,0.000265,0.000249,0.000234,0.00022,0.000206,0.000193,0.000181,0.000169,0.000158,0.000147,0.000137,0.000128,0.000119,0.00011,0.000102,9.4e-005,8.6e-005,7.9e-005,7.3e-005,6.6e-005,6e-005,5.4e-005
0.002249,0.002247,0.002241,0.002231,0.002218,0.002201,0.002181,0.002157,0.00213,0.0021,0.002067,0.002031,0.001993,0.001953,0.001911,0.001868,0.001822,0.001776,0.001728,0.00168,0.00163,0.001581,0.001531,0.001481,0.001432,0.001382,0.001333,0.001284,0.001236,0.001189,0.001143,0.001097,0.001052,0.001009,0.000966,0.000925,0.000885,0.000846,0.000808,0.000771,0.000736,0.000702,0.000669,0.000637,0.000606,0.000576,0.000548,0.00052,0.000494,0.000469,0.000445,0.000422,0.000399,0.000378,0.000358,0.000338,0.00032,0.000302,0.000285,0.000268,0.000253,0.000238,0.000224,0.000211,0.000198,0.000185,0.000174,0.000163,0.000152,0.000142,0.000132,0.000123,0.000115,0.000106,9.9e-005,9.1e-005,8.4e-005,7.7e-005,7.1e-005,6.5e-005,5.9e-005
0.002141,0.002139,0.002133,0.002125,0.002112,0.002097,0.002078,0.002056,0.002031,0.002004,0.001974,0.001941,0.001906,0.001869,0.00183,0.00179,0.001748,0.001704,0.00166,0.001615,0.001569,0.001523,0.001477,0.00143,0.001384,0.001337,0.001291,0.001245,0.0012,0.001156,0.001112,0.001069,0.001027,0.000985,0.000945,0.000906,0.000867,0.00083,0.000794,0.000759,0.000725,0.000692,0.00066,0.000629,0.0006,0.000571,0.000544,0.000517,0.000492,0.000467,0.000444,0.000421,0.000399,0.000379,0.000359,0.00034,0.000321,0.000304,0.000287,0.000271,0.000256,0.000241,0.000227,0.000214,0.000202,0.000189,0.000178,0.000167,0.000156,0.000146,0.000137,0.000128,0.000119,0.000111,0.000103,9.6e-005,8.8e-005,8.2e-005,7.5e-005,6.9e-005,6.3e-005
0.002039,0.002038,0.002033,0.002025,0.002013,0.001999,0.001982,0.001962,0.001939,0.001914,0.001886,0.001856,0.001823,0.001789,0.001753,0.001716,0.001677,0.001637,0.001596,0.001554,0.001511,0.001468,0.001425,0.001381,0.001338,0.001294,0.001251,0.001208,0.001165,0.001123,0.001082,0.001041,0.001001,0.000962,0.000923,0.000886,0.000849,0.000814,0.000779,0.000746,0.000713,0.000682,0.000651,0.000622,0.000593,0.000565,0.000539,0.000513,0.000489,0.000465,0.000442,0.00042,0.000399,0.000379,0.000359,0.000341,0.000323,0.000306,0.000289,0.000274,0.000259,0.000244,0.000231,0.000217,0.000205,0.000193,0.000182,0.000171,0.00016,0.00015,0.000141,0.000132,0.000123,0.000115,0.000107,0.0001,9.3e-005,8.6e-005,7.9e-005,7.3e-005,6.8e-005
0.001945,0.001943,0.001939,0.001931,0.001921,0.001908,0.001892,0.001873,0.001852,0.001829,0.001803,0.001775,0.001745,0.001714,0.001681,0.001646,0.00161,0.001572,0.001534,0.001495,0.001456,0.001415,0.001375,0.001334,0.001293,0.001252,0.001212,0.001171,0.001131,0.001091,0.001052,0.001014,0.000976,0.000939,0.000902,0.000867,0.000832,0.000798,0.000765,0.000733,0.000702,0.000671,0.000642,0.000613,0.000586,0.000559,0.000534,0.000509,0.000485,0.000462,0.00044,0.000419,0.000398,0.000378,0.000359,0.000341,0.000324,0.000307,0.000291,0.000276,0.000261,0.000247,0.000233,0.00022,0.000208,0.000196,0.000185,0.000174,0.000164,0.000154,0.000145,0.000136,0.000127,0.000119,0.000111,0.000104,9.7e-005,9e-005,8.3e-005,7.7e-005,7.1e-005
0.001856,0.001854,0.00185,0.001843,0.001834,0.001822,0.001807,0.00179,0.001771,0.001749,0.001725,0.0017,0.001672,0.001643,0.001612,0.00158,0.001546,0.001511,0.001476,0.001439,0.001402,0.001365,0.001327,0.001289,0.00125,0.001212,0.001174,0.001136,0.001098,0.001061,0.001024,0.000987,0.000951,0.000916,0.000881,0.000847,0.000814,0.000782,0.00075,0.00072,0.00069,0.000661,0.000632,0.000605,0.000579,0.000553,0.000528,0.000504,0.000481,0.000459,0.000437,0.000417,0.000397,0.000378,0.000359,0.000341,0.000324,0.000308,0.000292,0.000277,0.000263,0.000249,0.000236,0.000223,0.000211,0.000199,0.000188,0.000177,0.000167,0.000157,0.000148,0.000139,0.000131,0.000123,0.000115,0.000107,0.0001,9.4e-005,8.7e-005,8.1e-005,7.5e-005
0.001773,0.001771,0.001767,0.001761,0.001752,0.001741,0.001728,0.001712,0.001694,0.001674,0.001652,0.001628,0.001602,0.001575,0.001547,0.001517,0.001486,0.001453,0.00142,0.001386,0.001352,0.001317,0.001281,0.001245,0.001209,0.001173,0.001137,0.001101,0.001066,0.001031,0.000996,0.000961,0.000927,0.000893,0.000861,0.000828,0.000797,0.000766,0.000736,0.000706,0.000678,0.00065,0.000623,0.000596,0.000571,0.000546,0.000522,0.000499,0.000477,0.000455,0.000434,0.000414,0.000395,0.000376,0.000358,0.000341,0.000324,0.000309,0.000293,0.000278,0.000264,0.000251,0.000238,0.000225,0.000213,0.000202,0.000191,0.00018,0.00017,0.00016,0.000151,0.000142,0.000134,0.000126,0.000118,0.000111,0.000104,9.7e-005,9.1e-005,8.5e-005,7.9e-005
0.001694,0.001693,0.00169,0.001684,0.001676,0.001665,0.001653,0.001638,0.001622,0.001603,0.001583,0.001561,0.001537,0.001512,0.001485,0.001457,0.001428,0.001398,0.001367,0.001336,0.001303,0.00127,0.001237,0.001204,0.00117,0.001136,0.001102,0.001068,0.001035,0.001001,0.000968,0.000936,0.000903,0.000871,0.00084,0.00081,0.000779,0.00075,0.000721,0.000693,0.000666,0.000639,0.000613,0.000588,0.000563,0.000539,0.000516,0.000494,0.000472,0.000451,0.000431,0.000412,0.000393,0.000375,0.000357,0.000341,0.000324,0.000309,0.000294,0.000279,0.000265,0.000252,0.000239,0.000227,0.000215,0.000204,0.000193,0.000183,0.000173,0.000163,0.000154,0.000145,0.000137,0.000129,0.000121,0.000114,0.000107,0.0001,9.4e-005,8.8e-005,8.2e-005
0.001621,0.00162,0.001616,0.001611,0.001603,0.001594,0.001582,0.001569,0.001553,0.001536,0.001517,0.001497,0.001475,0.001451,0.001427,0.001401,0.001374,0.001346,0.001317,0.001287,0.001257,0.001226,0.001195,0.001164,0.001132,0.0011,0.001068,0.001036,0.001005,0.000973,0.000942,0.000911,0.00088,0.00085,0.00082,0.000791,0.000762,0.000734,0.000707,0.00068,0.000654,0.000628,0.000603,0.000579,0.000555,0.000532,0.00051,0.000488,0.000468,0.000447,0.000428,0.000409,0.000391,0.000373,0.000356,0.00034,0.000324,0.000309,0.000294,0.00028,0.000266,0.000253,0.000241,0.000229,0.000217,0.000206,0.000195,0.000185,0.000175,0.000166,0.000157,0.000148,0.00014,0.000132,0.000124,0.000117,0.00011,0.000103,9.7e-005,9.1e-005,8.5e-005
0.001551,0.00155,0.001547,0.001542,0.001535,0.001527,0.001516,0.001503,0.001489,0.001473,0.001456,0.001436,0.001416,0.001394,0.001371,0.001347,0.001322,0.001296,0.001269,0.001241,0.001213,0.001184,0.001155,0.001125,0.001095,0.001065,0.001035,0.001005,0.000975,0.000945,0.000916,0.000886,0.000857,0.000829,0.000801,0.000773,0.000745,0.000719,0.000692,0.000667,0.000641,0.000617,0.000593,0.00057,0.000547,0.000525,0.000504,0.000483,0.000463,0.000443,0.000424,0.000406,0.000388,0.000371,0.000354,0.000338,0.000323,0.000308,0.000294,0.00028,0.000267,0.000254,0.000242,0.00023,0.000218,0.000208,0.000197,0.000187,0.000177,0.000168,0.000159,0.000151,0.000142,0.000135,0.000127,0.00012,0.000113,0.000106,0.0001,9.4e-005,8.8e-005
0.001486,0.001485,0.001482,0.001478,0.001471,0.001463,0.001453,0.001442,0.001428,0.001413,0.001397,0.001379,0.00136,0.00134,0.001318,0.001296,0.001272,0.001248,0.001223,0.001197,0.00117,0.001143,0.001116,0.001088,0.00106,0.001032,0.001004,0.000975,0.000947,0.000919,0.000891,0.000863,0.000835,0.000808,0.000781,0.000755,0.000729,0.000703,0.000678,0.000653,0.000629,0.000606,0.000583,0.000561,0.000539,0.000517,0.000497,0.000477,0.000457,0.000438,0.00042,0.000402,0.000385,0.000368,0.000352,0.000337,0.000322,0.000307,0.000293,0.00028,0.000267,0.000255,0.000242,0.000231,0.00022,0.000209,0.000199,0.000189,0.000179,0.00017,0.000161,0.000153,0.000145,0.000137,0.00013,0.000122,0.000116,0.000109,0.000103,9.7e-005,9.1e-005
0.001425,0.001424,0.001421,0.001417,0.001411,0.001403,0.001394,0.001383,0.001371,0.001357,0.001342,0.001325,0.001308,0.001289,0.001269,0.001247,0.001225,0.001203,0.001179,0.001155,0.00113,0.001105,0.001079,0.001053,0.001026,0.001,0.000973,0.000946,0.00092,0.000893,0.000866,0.00084,0.000814,0.000788,0.000762,0.000737,0.000712,0.000688,0.000664,0.00064,0.000617,0.000595,0.000573,0.000551,0.00053,0.00051,0.00049,0.000471,0.000452,0.000434,0.000416,0.000399,0.000382,0.000366,0.00035,0.000335,0.000321,0.000306,0.000293,0.00028,0.000267,0.000255,0.000243,0.000232,0.000221,0.00021,0.0002,0.00019,0.000181,0.000172,0.000163,0.000155,0.000147,0.000139,0.000132,0.000125,0.000118,0.000111,0.000105,9.9e-005,9.3e-005
0.001367,0.001366,0.001363,0.001359,0.001354,0.001347,0.001338,0.001328,0.001316,0.001304,0.001289,0.001274,0.001257,0.00124,0.001221,0.001201,0.001181,0.001159,0.001137,0.001115,0.001091,0.001067,0.001043,0.001019,0.000994,0.000969,0.000944,0.000918,0.000893,0.000868,0.000843,0.000818,0.000793,0.000768,0.000744,0.00072,0.000696,0.000673,0.00065,0.000628,0.000605,0.000584,0.000563,0.000542,0.000522,0.000502,0.000483,0.000464,0.000446,0.000429,0.000411,0.000395,0.000379,0.000363,0.000348,0.000333,0.000319,0.000305,0.000292,0.000279,0.000267,0.000255,0.000243,0.000232,0.000221,0.000211,0.000201,0.000192,0.000182,0.000173,0.000165,0.000157,0.000149,0.000141,0.000134,0.000127,0.00012,0.000114,0.000108,0.000102,9.6e-005
0.001312,0.001311,0.001309,0.001305,0.0013,0.001293,0.001285,0.001276,0.001265,0.001253,0.00124,0.001225,0.00121,0.001193,0.001176,0.001157,0.001138,0.001118,0.001097,0.001076,0.001054,0.001032,0.001009,0.000986,0.000962,0.000939,0.000915,0.000891,0.000867,0.000843,0.00082,0.000796,0.000772,0.000749,0.000726,0.000703,0.00068,0.000658,0.000636,0.000615,0.000594,0.000573,0.000553,0.000533,0.000513,0.000495,0.000476,0.000458,0.000441,0.000423,0.000407,0.000391,0.000375,0.00036,0.000345,0.000331,0.000317,0.000304,0.000291,0.000278,0.000266,0.000255,0.000243,0.000232,0.000222,0.000212,0.000202,0.000193,0.000184,0.000175,0.000166,0.000158,0.00015,0.000143,0.000136,0.000129,0.000122,0.000116,0.00011,0.000104,9.8e-005
0.00126,0.001259,0.001257,0.001253,0.001248,0.001242,0.001235,0.001226,0.001216,0.001205,0.001193,0.001179,0.001165,0.001149,0.001133,0.001116,0.001098,0.001079,0.001059,0.001039,0.001019,0.000998,0.000976,0.000954,0.000932,0.00091,0.000888,0.000865,0.000842,0.00082,0.000797,0.000775,0.000752,0.00073,0.000708,0.000686,0.000665,0.000644,0.000623,0.000602,0.000582,0.000562,0.000543,0.000524,0.000505,0.000487,0.000469,0.000452,0.000435,0.000418,0.000402,0.000387,0.000371,0.000357,0.000342,0.000329,0.000315,0.000302,0.00029,0.000277,0.000266,0.000254,0.000243,0.000232,0.000222,0.000212,0.000203,0.000193,0.000185,0.000176,0.000168,0.00016,0.000152,0.000145,0.000138,0.000131,0.000124,0.000118,0.000112,0.000106,0.0001
0.00121,0.00121,0.001208,0.001205,0.0012,0.001194,0.001187,0.001179,0.00117,0.001159,0.001148,0.001135,0.001122,0.001107,0.001092,0.001076,0.001059,0.001041,0.001023,0.001004,0.000985,0.000965,0.000945,0.000924,0.000903,0.000882,0.000861,0.00084,0.000818,0.000797,0.000776,0.000754,0.000733,0.000712,0.000691,0.00067,0.00065,0.000629,0.000609,0.00059,0.00057,0.000551,0.000533,0.000514,0.000496,0.000479,0.000462,0.000445,0.000429,0.000413,0.000397,0.000382,0.000368,0.000353,0.000339,0.000326,0.000313,0.0003,0.000288,0.000276,0.000265,0.000254,0.000243,0.000232,0.000222,0.000213,0.000203,0.000194,0.000185,0.000177,0.000169,0.000161,0.000153,0.000146,0.000139,0.000132,0.000126,0.00012,0.000114,0.000108,0.000102
0.001164,0.001163,0.001161,0.001158,0.001154,0.001149,0.001142,0.001135,0.001126,0.001116,0.001105,0.001094,0.001081,0.001067,0.001053,0.001038,0.001022,0.001005,0.000988,0.000971,0.000952,0.000934,0.000915,0.000895,0.000876,0.000856,0.000836,0.000815,0.000795,0.000775,0.000755,0.000734,0.000714,0.000694,0.000674,0.000654,0.000635,0.000615,0.000596,0.000577,0.000559,0.000541,0.000523,0.000505,0.000488,0.000471,0.000455,0.000438,0.000423,0.000407,0.000392,0.000378,0.000364,0.00035,0.000336,0.000323,0.000311,0.000298,0.000286,0.000275,0.000264,0.000253,0.000242,0.000232,0.000222,0.000213,0.000203,0.000195,0.000186,0.000178,0.00017,0.000162,0.000155,0.000147,0.00014,0.000134,0.000127,0.000121,0.000115,0.000109,0.000104
0.00112,0.001119,0.001117,0.001115,0.001111,0.001106,0.001099,0.001092,0.001084,0.001075,0.001065,0.001054,0.001042,0.001029,0.001016,0.001002,0.000987,0.000971,0.000955,0.000938,0.000921,0.000904,0.000886,0.000867,0.000849,0.00083,0.000811,0.000792,0.000773,0.000753,0.000734,0.000715,0.000696,0.000677,0.000658,0.000639,0.00062,0.000602,0.000583,0.000565,0.000547,0.00053,0.000513,0.000496,0.000479,0.000463,0.000447,0.000432,0.000417,0.000402,0.000387,0.000373,0.00036,0.000346,0.000333,0.00032,0.000308,0.000296,0.000285,0.000273,0.000262,0.000252,0.000241,0.000232,0.000222,0.000213,0.000204,0.000195,0.000186,0.000178,0.00017,0.000163,0.000156,0.000148,0.000142,0.000135,0.000129,0.000123,0.000117,0.000111,0.000106
0.001078,0.001077,0.001076,0.001073,0.001069,0.001065,0.001059,0.001052,0.001044,0.001036,0.001026,0.001016,0.001005,0.000993,0.00098,0.000967,0.000953,0.000938,0.000923,0.000907,0.000891,0.000875,0.000858,0.000841,0.000823,0.000805,0.000787,0.000769,0.000751,0.000733,0.000714,0.000696,0.000678,0.00066,0.000641,0.000623,0.000606,0.000588,0.000571,0.000553,0.000536,0.00052,0.000503,0.000487,0.000471,0.000455,0.00044,0.000425,0.000411,0.000396,0.000382,0.000369,0.000355,0.000342,0.00033,0.000317,0.000305,0.000294,0.000283,0.000272,0.000261,0.000251,0.000241,0.000231,0.000221,0.000212,0.000204,0.000195,0.000187,0.000179,0.000171,0.000164,0.000156,0.000149,0.000143,0.000136,0.00013,0.000124,0.000118,0.000113,0.000107
0.001038,0.001037,0.001036,0.001033,0.00103,0.001026,0.00102,0.001014,0.001007,0.000999,0.00099,0.00098,0.00097,0.000958,0.000947,0.000934,0.000921,0.000907,0.000893,0.000878,0.000863,0.000847,0.000831,0.000815,0.000798,0.000781,0.000764,0.000747,0.00073,0.000713,0.000695,0.000678,0.00066,0.000643,0.000626,0.000609,0.000592,0.000575,0.000558,0.000542,0.000525,0.000509,0.000493,0.000478,0.000463,0.000448,0.000433,0.000419,0.000404,0.000391,0.000377,0.000364,0.000351,0.000338,0.000326,0.000314,0.000303,0.000291,0.00028,0.00027,0.000259,0.000249,0.00024,0.00023,0.000221,0.000212,0.000203,0.000195,0.000187,0.000179,0.000171,0.000164,0.000157,0.00015,0.000144,0.000137,0.000131,0.000125,0.000119,0.000114,0.000109
0.001,0.001,0.000998,0.000996,0.000993,0.000989,0.000983,0.000978,0.000971,0.000963,0.000955,0.000946,0.000936,0.000926,0.000914,0.000902,0.00089,0.000877,0.000864,0.00085,0.000835,0.000821,0.000805,0.00079,0.000774,0.000758,0.000742,0.000726,0.00071,0.000693,0.000677,0.00066,0.000644,0.000627,0.000611,0.000594,0.000578,0.000562,0.000546,0.00053,0.000515,0.000499,0.000484,0.000469,0.000454,0.00044,0.000426,0.000412,0.000398,0.000385,0.000372,0.000359,0.000347,0.000335,0.000323,0.000311,0.0003,0.000289,0.000278,0.000268,0.000258,0.000248,0.000238,0.000229,0.00022,0.000211,0.000203,0.000195,0.000187,0.000179,0.000172,0.000165,0.000158,0.000151,0.000144,0.000138,0.000132,0.000126,0.000121,0.000115,0.00011
0.000964,0.000964,0.000962,0.00096,0.000957,0.000953,0.000949,0.000943,0.000937,0.00093,0.000922,0.000913,0.000904,0.000894,0.000883,0.000872,0.000861,0.000848,0.000836,0.000823,0.000809,0.000795,0.000781,0.000766,0.000751,0.000736,0.000721,0.000706,0.00069,0.000674,0.000659,0.000643,0.000627,0.000611,0.000596,0.00058,0.000565,0.000549,0.000534,0.000519,0.000504,0.000489,0.000475,0.00046,0.000446,0.000432,0.000419,0.000405,0.000392,0.000379,0.000367,0.000354,0.000342,0.000331,0.000319,0.000308,0.000297,0.000286,0.000276,0.000266,0.000256,0.000246,0.000237,0.000228,0.000219,0.000211,0.000203,0.000195,0.000187,0.000179,0.000172,0.000165,0.000158,0.000151,0.000145,0.000139,0.000133,0.000127,0.000122,0.000116,0.000111
0.00093,0.000929,0.000928,0.000926,0.000923,0.00092,0.000915,0.00091,0.000904,0.000897,0.00089,0.000882,0.000873,0.000864,0.000854,0.000844,0.000833,0.000821,0.000809,0.000797,0.000784,0.000771,0.000757,0.000743,0.000729,0.000715,0.0007,0.000686,0.000671,0.000656,0.000641,0.000626,0.000611,0.000596,0.000581,0.000566,0.000552,0.000537,0.000522,0.000508,0.000493,0.000479,0.000465,0.000452,0.000438,0.000425,0.000412,0.000399,0.000386,0.000374,0.000361,0.000349,0.000338,0.000326,0.000315,0.000304,0.000294,0.000283,0.000273,0.000264,0.000254,0.000245,0.000236,0.000227,0.000218,0.00021,0.000202,0.000194,0.000187,0.000179,0.000172,0.000165,0.000158,0.000152,0.000146,0.00014,0.000134,0.000128,0.000122,0.000117,0.000112
0.000897,0.000897,0.000896,0.000894,0.000891,0.000888,0.000884,0.000879,0.000873,0.000867,0.00086,0.000852,0.000844,0.000835,0.000826,0.000816,0.000806,0.000795,0.000783,0.000772,0.00076,0.000747,0.000734,0.000721,0.000708,0.000694,0.000681,0.000667,0.000653,0.000639,0.000624,0.00061,0.000596,0.000581,0.000567,0.000553,0.000539,0.000525,0.000511,0.000497,0.000483,0.00047,0.000456,0.000443,0.00043,0.000417,0.000404,0.000392,0.00038,0.000368,0.000356,0.000345,0.000333,0.000322,0.000312,0.000301,0.000291,0.000281,0.000271,0.000261,0.000252,0.000243,0.000234,0.000226,0.000217,0.000209,0.000201,0.000194,0.000186,0.000179,0.000172,0.000165,0.000159,0.000152,0.000146,0.00014,0.000134,0.000129,0.000123,0.000118,0.000113
0.000866,0.000866,0.000865,0.000863,0.00086,0.000857,0.000853,0.000849,0.000843,0.000837,0.000831,0.000824,0.000816,0.000808,0.000799,0.00079,0.00078,0.00077,0.000759,0.000748,0.000736,0.000724,0.000712,0.0007,0.000687,0.000674,0.000661,0.000648,0.000635,0.000621,0.000608,0.000594,0.000581,0.000567,0.000553,0.00054,0.000526,0.000513,0.0005,0.000486,0.000473,0.00046,0.000447,0.000435,0.000422,0.00041,0.000397,0.000385,0.000374,0.000362,0.000351,0.00034,0.000329,0.000318,0.000308,0.000297,0.000287,0.000278,0.000268,0.000259,0.00025,0.000241,0.000232,0.000224,0.000216,0.000208,0.0002,0.000193,0.000186,0.000179,0.000172,0.000165,0.000159,0.000152,0.000146,0.00014,0.000135,0.000129,0.000124,0.000119,0.000114
0.000837,0.000836,0.000835,0.000834,0.000831,0.000828,0.000824,0.00082,0.000815,0.00081,0.000803,0.000797,0.000789,0.000782,0.000773,0.000764,0.000755,0.000745,0.000735,0.000725,0.000714,0.000703,0.000691,0.00068,0.000668,0.000655,0.000643,0.00063,0.000618,0.000605,0.000592,0.000579,0.000566,0.000553,0.00054,0.000527,0.000514,0.000501,0.000489,0.000476,0.000463,0.000451,0.000438,0.000426,0.000414,0.000402,0.000391,0.000379,0.000368,0.000356,0.000346,0.000335,0.000324,0.000314,0.000304,0.000294,0.000284,0.000275,0.000266,0.000257,0.000248,0.000239,0.000231,0.000223,0.000215,0.000207,0.000199,0.000192,0.000185,0.000178,0.000171,0.000165,0.000159,0.000152,0.000146,0.000141,0.000135,0.00013,0.000124,0.000119,0.000114
0.000808,0.000808,0.000807,0.000805,0.000803,0.0008,0.000797,0.000793,0.000788,0.000783,0.000777,0.000771,0.000764,0.000756,0.000749,0.00074,0.000731,0.000722,0.000713,0.000703,0.000692,0.000682,0.000671,0.00066,0.000648,0.000637,0.000625,0.000613,0.000601,0.000589,0.000577,0.000564,0.000552,0.00054,0.000527,0.000515,0.000502,0.00049,0.000478,0.000466,0.000454,0.000442,0.00043,0.000418,0.000406,0.000395,0.000384,0.000373,0.000362,0.000351,0.00034,0.00033,0.00032,0.00031,0.0003,0.00029,0.000281,0.000272,0.000263,0.000254,0.000245,0.000237,0.000229,0.000221,0.000213,0.000206,0.000198,0.000191,0.000184,0.000178,0.000171,0.000165,0.000158,0.000152,0.000147,0.000141,0.000135,0.00013,0.000125,0.00012,0.000115
0.000781,0.000781,0.00078,0.000779,0.000777,0.000774,0.000771,0.000767,0.000762,0.000757,0.000752,0.000746,0.000739,0.000732,0.000725,0.000717,0.000709,0.0007,0.000691,0.000682,0.000672,0.000662,0.000651,0.000641,0.00063,0.000619,0.000608,0.000597,0.000585,0.000573,0.000562,0.00055,0.000538,0.000526,0.000515,0.000503,0.000491,0.000479,0.000467,0.000456,0.000444,0.000433,0.000421,0.00041,0.000399,0.000388,0.000377,0.000366,0.000356,0.000345,0.000335,0.000325,0.000315,0.000305,0.000296,0.000287,0.000278,0.000269,0.00026,0.000251,0.000243,0.000235,0.000227,0.000219,0.000212,0.000204,0.000197,0.00019,0.000184,0.000177,0.000171,0.000164,0.000158,0.000152,0.000147,0.000141,0.000136,0.00013,0.000125,0.00012,0.000116
0.000756,0.000755,0.000754,0.000753,0.000751,0.000748,0.000745,0.000742,0.000738,0.000733,0.000728,0.000722,0.000716,0.000709,0.000702,0.000695,0.000687,0.000679,0.00067,0.000661,0.000652,0.000642,0.000633,0.000623,0.000612,0.000602,0.000591,0.00058,0.00057,0.000558,0.000547,0.000536,0.000525,0.000514,0.000502,0.000491,0.00048,0.000468,0.000457,0.000446,0.000435,0.000424,0.000413,0.000402,0.000391,0.000381,0.00037,0.00036,0.00035,0.00034,0.00033,0.00032,0.000311,0.000301,0.000292,0.000283,0.000274,0.000266,0.000257,0.000249,0.000241,0.000233,0.000225,0.000218,0.00021,0.000203,0.000196,0.000189,0.000183,0.000176,0.00017,0.000164,0.000158,0.000152,0.000146,0.000141,0.000136,0.000131,0.000126,0.000121,0.000116
0.000731,0.000731,0.00073,0.000729,0.000727,0.000724,0.000721,0.000718,0.000714,0.00071,0.000705,0.000699,0.000693,0.000687,0.000681,0.000673,0.000666,0.000658,0.00065,0.000642,0.000633,0.000624,0.000615,0.000605,0.000595,0.000585,0.000575,0.000565,0.000554,0.000544,0.000533,0.000523,0.000512,0.000501,0.00049,0.000479,0.000469,0.000458,0.000447,0.000436,0.000426,0.000415,0.000405,0.000394,0.000384,0.000374,0.000364,0.000354,0.000344,0.000334,0.000325,0.000315,0.000306,0.000297,0.000288,0.000279,0.000271,0.000262,0.000254,0.000246,0.000238,0.000231,0.000223,0.000216,0.000209,0.000202,0.000195,0.000188,0.000182,0.000175,0.000169,0.000163,0.000157,0.000152,0.000146,0.000141,0.000136,0.000131,0.000126,0.000121,0.000116
0.000707,0.000707,0.000706,0.000705,0.000703,0.000701,0.000698,0.000695,0.000691,0.000687,0.000682,0.000677,0.000672,0.000666,0.00066,0.000653,0.000646,0.000639,0.000631,0.000623,0.000614,0.000606,0.000597,0.000588,0.000579,0.000569,0.00056,0.00055,0.00054,0.00053,0.00052,0.00051,0.000499,0.000489,0.000479,0.000468,0.000458,0.000448,0.000437,0.000427,0.000417,0.000407,0.000396,0.000386,0.000377,0.000367,0.000357,0.000347,0.000338,0.000329,0.000319,0.00031,0.000302,0.000293,0.000284,0.000276,0.000267,0.000259,0.000251,0.000244,0.000236,0.000228,0.000221,0.000214,0.000207,0.0002,0.000194,0.000187,0.000181,0.000175,0.000169,0.000163,0.000157,0.000151,0.000146,0.000141,0.000136,0.000131,0.000126,0.000121,0.000117
