0,2e-006,3e-006,5e-006,7e-006,8e-006,0.000855,1e-005,1.1e-005,1.2e-005,1.2e-005,1.3e-005,1.3e-005,1.3e-005,1.3e-005,1.3e-005,1.3e-005,1.2e-005,1.2e-005,1.1e-005,1.1e-005,1e-005,1e-005,9e-006,9e-006,8e-006,8e-006,7e-006,7e-006,7e-006,6e-006,6e-006,5e-006,5e-006,5e-006,4e-006,4e-006,4e-006,4e-006,3e-006,3e-006,3e-006,3e-006,3e-006,3e-006,2e-006,2e-006,2e-006,2e-006,2e-006,2e-006,2e-006,2e-006,1e-006,1e-006,1e-006,1e-006,1e-006,1e-006,1e-006,1e-006,1e-006,1e-006,1e-006,1e-006,1e-006,1e-006,1e-006,1e-006,1e-006,1e-006,1e-006,1e-006,1e-006,0,0,0,0,0,0,0
2e-006,9.1e-005,0.000178,0.000261,0.000339,1.6e-005,0.000481,0.000527,0.000572,0.000609,0.000636,0.000654,0.000665,0.000668,0.000664,0.000656,0.000642,0.000625,0.000604,0.000582,0.000558,0.000532,0.000507,0.000481,0.000455,0.00043,0.000405,0.000381,0.000358,0.000337,0.000316,0.000296,0.000278,0.00026,0.000244,0.000228,0.000214,0.0002,0.000188,0.000176,0.000165,0.000154,0.000145,0.000136,0.000128,0.00012,0.000113,0.000106,9.9e-005,9.4e-005,8.8e-005,8.3e-005,7.8e-005,7.4e-005,7e-005,6.6e-005,6.2e-005,5.9e-005,5.6e-005,5.3e-005,5e-005,4.7e-005,4.5e-005,4.2e-005,4e-005,3.8e-005,3.6e-005,3.4e-005,3.3e-005,3.1e-005,3e-005,2.8e-005,2.7e-005,2.6e-005,2.4e-005,2.3e-005,2.2e-005,2.1e-005,2e-005,1.9e-005,1.9e-005
4e-006,0.000182,0.000357,0.000524,0.00068,0.000822,0.000937,0.001057,0.001147,0.001218,0.001272,0.001308,0.001328,0.001333,0.001325,0.001307,0.001279,0.001243,0.001202,0.001157,0.001108,0.001057,0.001005,0.000954,0.000902,0.000852,0.000803,0.000755,0.00071,0.000667,0.000625,0.000586,0.000549,0.000515,0.000482,0.000452,0.000423,0.000396,0.000371,0.000348,0.000326,0.000305,0.000286,0.000269,0.000252,0.000237,0.000223,0.000209,0.000197,0.000185,0.000174,0.000164,0.000155,0.000146,0.000138,0.00013,0.000123,0.000116,0.00011,0.000104,9.8e-005,9.3e-005,8.8e-005,8.4e-005,7.9e-005,7.5e-005,7.2e-005,6.8e-005,6.5e-005,6.2e-005,5.9e-005,5.6e-005,5.3e-005,5.1e-005,4.8e-005,4.6e-005,4.4e-005,4.2e-005,4e-005,3.8e-005,3.7e-005
5e-006,0.000279,0.000546,0.000802,0.001039,0.001256,0.000624,0.001612,0.001748,0.001855,0.001933,0.001986,0.002013,0.002019,0.002005,0.001974,0.00193,0.001875,0.001811,0.00174,0.001665,0.001588,0.001509,0.00143,0.001352,0.001276,0.001202,0.00113,0.001062,0.000997,0.000935,0.000876,0.000821,0.000769,0.00072,0.000674,0.000631,0.000591,0.000554,0.000519,0.000486,0.000456,0.000427,0.000401,0.000376,0.000353,0.000332,0.000312,0.000294,0.000276,0.00026,0.000245,0.000231,0.000218,0.000205,0.000194,0.000183,0.000173,0.000164,0.000155,0.000147,0.000139,0.000132,0.000125,0.000119,0.000113,0.000107,0.000102,9.7e-005,9.2e-005,8.8e-005,8.3e-005,7.9e-005,7.6e-005,7.2e-005,6.9e-005,6.6e-005,6.3e-005,6e-005,5.7e-005,5.5e-005
8e-006,0.000384,0.000752,0.001103,0.001429,0.001725,0.001974,0.002207,0.00239,0.002532,0.002635,0.002701,0.002734,0.002736,0.002713,0.002667,0.002603,0.002524,0.002435,0.002337,0.002233,0.002127,0.002019,0.001912,0.001806,0.001703,0.001603,0.001506,0.001414,0.001327,0.001244,0.001165,0.001091,0.001022,0.000957,0.000896,0.000839,0.000785,0.000735,0.000689,0.000645,0.000605,0.000567,0.000532,0.0005,0.000469,0.000441,0.000414,0.00039,0.000367,0.000345,0.000325,0.000306,0.000289,0.000273,0.000258,0.000243,0.00023,0.000217,0.000206,0.000195,0.000185,0.000175,0.000166,0.000157,0.00015,0.000142,0.000135,0.000128,0.000122,0.000116,0.000111,0.000105,0.000101,9.6e-005,9.2e-005,8.7e-005,8.3e-005,8e-005,7.6e-005,7.3e-005
1e-005,0.000501,0.000981,0.001437,0.00186,0.002242,0.002577,0.002859,0.003089,0.003266,0.003391,0.003468,0.003502,0.003497,0.003459,0.003394,0.003305,0.003199,0.00308,0.002951,0.002816,0.002677,0.002538,0.0024,0.002265,0.002133,0.002006,0.001884,0.001768,0.001657,0.001552,0.001454,0.001361,0.001274,0.001192,0.001116,0.001044,0.000977,0.000915,0.000857,0.000803,0.000753,0.000706,0.000662,0.000621,0.000584,0.000548,0.000515,0.000485,0.000456,0.000429,0.000404,0.000381,0.00036,0.000339,0.00032,0.000303,0.000286,0.000271,0.000256,0.000242,0.00023,0.000218,0.000207,0.000196,0.000186,0.000177,0.000168,0.00016,0.000152,0.000145,0.000138,0.000131,0.000125,0.000119,0.000114,0.000109,0.000104,9.9e-005,9.5e-005,9.1e-005
1.3e-005,0.000635,0.001241,0.001816,0.002348,0.002825,0.002394,0.003587,0.003865,0.004074,0.004219,0.004303,0.004332,0.004314,0.004255,0.004163,0.004044,0.003905,0.00375,0.003585,0.003415,0.003241,0.003068,0.002896,0.002729,0.002567,0.002412,0.002263,0.002121,0.001987,0.00186,0.001741,0.001629,0.001524,0.001425,0.001334,0.001248,0.001168,0.001093,0.001024,0.000959,0.000899,0.000843,0.00079,0.000742,0.000696,0.000654,0.000615,0.000578,0.000544,0.000512,0.000483,0.000455,0.000429,0.000405,0.000382,0.000361,0.000342,0.000323,0.000306,0.00029,0.000274,0.00026,0.000247,0.000234,0.000222,0.000211,0.000201,0.000191,0.000182,0.000173,0.000165,0.000157,0.00015,0.000143,0.000136,0.00013,0.000124,0.000119,0.000113,0.000109
1.6e-005,0.00079,0.001543,0.002255,0.00291,0.003494,0.004006,0.004412,0.004739,0.00498,0.005138,0.005222,0.00524,0.0052,0.005112,0.004985,0.004827,0.004647,0.004451,0.004245,0.004033,0.00382,0.003609,0.003401,0.0032,0.003006,0.00282,0.002643,0.002475,0.002316,0.002167,0.002026,0.001895,0.001772,0.001657,0.001549,0.001449,0.001356,0.001269,0.001188,0.001113,0.001042,0.000977,0.000917,0.00086,0.000808,0.000759,0.000713,0.000671,0.000631,0.000594,0.00056,0.000528,0.000498,0.00047,0.000444,0.000419,0.000396,0.000375,0.000355,0.000336,0.000318,0.000302,0.000286,0.000272,0.000258,0.000245,0.000233,0.000222,0.000211,0.000201,0.000191,0.000182,0.000174,0.000166,0.000158,0.000151,0.000144,0.000138,0.000132,0.000126
1.9e-005,0.000973,0.0019,0.002773,0.00357,0.003867,0.004896,0.005363,0.005739,0.006007,0.006173,0.006247,0.006242,0.006169,0.006041,0.005868,0.005663,0.005433,0.005188,0.004933,0.004674,0.004417,0.004163,0.003916,0.003677,0.003448,0.00323,0.003023,0.002828,0.002644,0.002471,0.002309,0.002158,0.002017,0.001885,0.001762,0.001647,0.001541,0.001441,0.001349,0.001263,0.001184,0.001109,0.001041,0.000976,0.000917,0.000861,0.000809,0.000761,0.000716,0.000674,0.000635,0.000599,0.000565,0.000533,0.000504,0.000476,0.00045,0.000426,0.000403,0.000382,0.000362,0.000343,0.000325,0.000309,0.000293,0.000279,0.000265,0.000252,0.00024,0.000228,0.000217,0.000207,0.000198,0.000188,0.00018,0.000172,0.000164,0.000157,0.00015,0.000143
2.4e-005,0.001195,0.002329,0.003393,0.004358,0.005201,0.005907,0.006475,0.006898,0.007186,0.007349,0.007401,0.007359,0.007238,0.007055,0.006824,0.006558,0.006268,0.005963,0.005652,0.005339,0.005031,0.00473,0.004439,0.00416,0.003894,0.003642,0.003404,0.00318,0.00297,0.002773,0.002589,0.002418,0.002258,0.002109,0.00197,0.001842,0.001722,0.001611,0.001507,0.001411,0.001322,0.001239,0.001162,0.00109,0.001023,0.000961,0.000904,0.00085,0.0008,0.000753,0.000709,0.000669,0.000631,0.000595,0.000562,0.000531,0.000503,0.000475,0.00045,0.000426,0.000404,0.000383,0.000363,0.000345,0.000328,0.000311,0.000296,0.000282,0.000268,0.000255,0.000243,0.000232,0.000221,0.000211,0.000201,0.000192,0.000184,0.000175,0.000168,0.000161
2.9e-005,0.001466,0.002854,0.004148,0.005312,0.006317,0.007146,0.007792,0.008257,0.008554,0.008698,0.00871,0.008612,0.008424,0.008168,0.007861,0.007519,0.007156,0.006781,0.006403,0.006029,0.005663,0.00531,0.004971,0.004649,0.004343,0.004055,0.003784,0.003531,0.003293,0.003072,0.002866,0.002674,0.002495,0.002329,0.002175,0.002032,0.001899,0.001776,0.001661,0.001555,0.001457,0.001365,0.00128,0.001201,0.001127,0.001059,0.000995,0.000936,0.000881,0.00083,0.000782,0.000737,0.000695,0.000656,0.00062,0.000586,0.000554,0.000524,0.000496,0.00047,0.000445,0.000422,0.000401,0.000381,0.000361,0.000344,0.000327,0.000311,0.000296,0.000282,0.000268,0.000256,0.000244,0.000233,0.000222,0.000212,0.000203,0.000194,0.000185,0.000177
3.6e-005,0.001804,0.003506,0.005083,0.006486,0.007679,0.008656,0.009369,0.009868,0.010157,0.01026,0.010207,0.010026,0.009746,0.009394,0.00899,0.008554,0.008101,0.007642,0.007187,0.006743,0.006313,0.005902,0.005511,0.005142,0.004794,0.004467,0.004162,0.003878,0.003612,0.003366,0.003137,0.002924,0.002727,0.002544,0.002375,0.002217,0.002072,0.001937,0.001811,0.001695,0.001587,0.001487,0.001395,0.001308,0.001228,0.001154,0.001084,0.00102,0.00096,0.000904,0.000852,0.000803,0.000758,0.000715,0.000676,0.000639,0.000604,0.000572,0.000541,0.000513,0.000486,0.000461,0.000437,0.000415,0.000395,0.000375,0.000357,0.000339,0.000323,0.000308,0.000293,0.00028,0.000267,0.000254,0.000243,0.000232,0.000222,0.000212,0.000203,0.000194
4.4e-005,0.002231,0.004328,0.006256,0.00795,0.009365,0.010508,0.011281,0.011797,0.01205,0.01208,0.011926,0.011628,0.011223,0.010744,0.010218,0.009667,0.009106,0.008549,0.008005,0.007481,0.006979,0.006504,0.006056,0.005636,0.005243,0.004877,0.004536,0.00422,0.003926,0.003654,0.003402,0.003169,0.002953,0.002753,0.002568,0.002397,0.002239,0.002092,0.001956,0.001831,0.001714,0.001606,0.001506,0.001412,0.001326,0.001245,0.001171,0.001101,0.001036,0.000976,0.00092,0.000867,0.000818,0.000773,0.00073,0.00069,0.000653,0.000618,0.000585,0.000554,0.000525,0.000498,0.000473,0.000449,0.000427,0.000406,0.000386,0.000367,0.00035,0.000333,0.000317,0.000303,0.000289,0.000276,0.000263,0.000251,0.00024,0.00023,0.00022,0.00021
5.5e-005,0.002779,0.005381,0.007751,0.009802,0.011477,0.01274,0.013622,0.014125,0.014303,0.014211,0.013907,0.013446,0.012874,0.012233,0.011553,0.01086,0.010171,0.009499,0.008853,0.008239,0.007658,0.007113,0.006604,0.00613,0.00569,0.005282,0.004904,0.004555,0.004233,0.003935,0.00366,0.003406,0.003172,0.002955,0.002755,0.002571,0.0024,0.002242,0.002096,0.001961,0.001836,0.00172,0.001612,0.001513,0.00142,0.001334,0.001254,0.001179,0.00111,0.001045,0.000985,0.000929,0.000877,0.000828,0.000782,0.00074,0.0007,0.000662,0.000627,0.000594,0.000564,0.000535,0.000508,0.000482,0.000458,0.000436,0.000414,0.000394,0.000375,0.000358,0.000341,0.000325,0.00031,0.000296,0.000283,0.00027,0.000258,0.000247,0.000236,0.000226
6.9e-005,0.003495,0.00675,0.009684,0.012179,0.014558,0.015603,0.016518,0.01696,0.016999,0.016717,0.016197,0.01551,0.014717,0.013868,0.012998,0.012134,0.011294,0.010489,0.009728,0.009013,0.008345,0.007725,0.00715,0.00662,0.00613,0.005679,0.005264,0.004882,0.00453,0.004207,0.003909,0.003635,0.003382,0.00315,0.002935,0.002737,0.002555,0.002386,0.00223,0.002086,0.001953,0.001829,0.001715,0.001608,0.00151,0.001418,0.001333,0.001254,0.001181,0.001112,0.001048,0.000989,0.000933,0.000881,0.000833,0.000788,0.000745,0.000705,0.000668,0.000633,0.000601,0.00057,0.000541,0.000514,0.000488,0.000465,0.000442,0.000421,0.000401,0.000382,0.000364,0.000347,0.000331,0.000316,0.000302,0.000289,0.000276,0.000264,0.000252,0.000242
8.8e-005,0.004444,0.008559,0.012223,0.015275,0.017618,0.019299,0.020136,0.020436,0.02024,0.01967,0.018841,0.017847,0.016766,0.015654,0.014551,0.013483,0.012467,0.011512,0.010621,0.009796,0.009034,0.008334,0.007691,0.007101,0.006561,0.006066,0.005612,0.005197,0.004817,0.004468,0.004147,0.003853,0.003583,0.003335,0.003106,0.002896,0.002702,0.002523,0.002358,0.002205,0.002064,0.001933,0.001812,0.0017,0.001596,0.001499,0.00141,0.001326,0.001248,0.001176,0.001109,0.001046,0.000987,0.000933,0.000881,0.000834,0.000789,0.000747,0.000708,0.000671,0.000636,0.000604,0.000573,0.000545,0.000518,0.000493,0.000469,0.000446,0.000425,0.000405,0.000386,0.000368,0.000352,0.000336,0.000321,0.000306,0.000293,0.00028,0.000268,0.000257
0.000113,0.00572,0.010985,0.01561,0.019368,0.022132,0.023969,0.024697,0.024725,0.024149,0.02315,0.021885,0.020481,0.019027,0.017589,0.016205,0.014898,0.01368,0.012555,0.011523,0.010578,0.009717,0.008932,0.008218,0.007568,0.006977,0.006438,0.005947,0.005499,0.00509,0.004716,0.004374,0.004061,0.003774,0.003511,0.003269,0.003046,0.002841,0.002652,0.002478,0.002318,0.002169,0.002032,0.001905,0.001787,0.001677,0.001576,0.001482,0.001394,0.001313,0.001237,0.001166,0.0011,0.001039,0.000981,0.000928,0.000878,0.000831,0.000787,0.000745,0.000707,0.000671,0.000636,0.000604,0.000574,0.000546,0.00052,0.000494,0.000471,0.000449,0.000428,0.000408,0.000389,0.000371,0.000355,0.000339,0.000324,0.00031,0.000296,0.000283,0.000271
0.000148,0.007463,0.01429,0.020199,0.024866,0.028114,0.029689,0.0305,0.030046,0.028869,0.027237,0.025368,0.023419,0.021495,0.019657,0.01794,0.016359,0.014915,0.013605,0.01242,0.01135,0.010384,0.009513,0.008727,0.008016,0.007374,0.006791,0.006263,0.005784,0.005347,0.00495,0.004587,0.004256,0.003953,0.003675,0.00342,0.003187,0.002972,0.002774,0.002591,0.002423,0.002268,0.002124,0.001991,0.001868,0.001754,0.001648,0.00155,0.001459,0.001374,0.001295,0.001221,0.001152,0.001088,0.001028,0.000972,0.00092,0.000871,0.000825,0.000782,0.000741,0.000703,0.000668,0.000634,0.000603,0.000573,0.000545,0.000519,0.000495,0.000471,0.000449,0.000429,0.000409,0.00039,0.000373,0.000356,0.000341,0.000326,0.000312,0.000298,0.000286
0.000196,0.009871,0.018851,0.026513,0.032372,0.036169,0.037961,0.037949,0.036667,0.034552,0.032003,0.029308,0.026652,0.024142,0.021828,0.019727,0.017838,0.016148,0.014639,0.013295,0.012095,0.011024,0.010066,0.009209,0.008439,0.007746,0.007122,0.006559,0.006049,0.005587,0.005167,0.004785,0.004436,0.004118,0.003828,0.003561,0.003317,0.003093,0.002887,0.002697,0.002522,0.00236,0.002211,0.002073,0.001945,0.001826,0.001716,0.001614,0.001519,0.001431,0.001349,0.001272,0.001201,0.001134,0.001072,0.001014,0.000959,0.000908,0.000861,0.000816,0.000774,0.000735,0.000698,0.000663,0.00063,0.000599,0.00057,0.000543,0.000517,0.000493,0.00047,0.000449,0.000428,0.000409,0.000391,0.000373,0.000357,0.000341,0.000327,0.000313,0.0003
0.000262,0.013219,0.025211,0.035328,0.042803,0.047209,0.047854,0.047587,0.044907,0.041347,0.037484,0.033682,0.030131,0.026915,0.02405,0.021521,0.019299,0.017348,0.015635,0.014127,0.012799,0.011624,0.010582,0.009655,0.008829,0.008089,0.007426,0.006829,0.006292,0.005805,0.005365,0.004965,0.004601,0.00427,0.003967,0.00369,0.003437,0.003204,0.00299,0.002793,0.002612,0.002445,0.002291,0.002148,0.002016,0.001893,0.001779,0.001674,0.001576,0.001485,0.0014,0.001321,0.001247,0.001178,0.001113,0.001053,0.000997,0.000944,0.000895,0.000849,0.000805,0.000764,0.000726,0.00069,0.000656,0.000624,0.000594,0.000566,0.000539,0.000514,0.00049,0.000468,0.000447,0.000426,0.000408,0.00039,0.000373,0.000356,0.000341,0.000327,0.000313
0.000354,0.017858,0.034106,0.047777,0.057577,0.062287,0.063152,0.060134,0.055106,0.049341,0.043639,0.038398,0.033756,0.029723,0.026247,0.02326,0.020692,0.018477,0.016561,0.014896,0.013443,0.012169,0.011048,0.010058,0.009179,0.008397,0.007698,0.007072,0.006509,0.006001,0.005543,0.005127,0.00475,0.004406,0.004093,0.003807,0.003545,0.003305,0.003084,0.002882,0.002695,0.002523,0.002364,0.002217,0.002081,0.001955,0.001838,0.001729,0.001628,0.001534,0.001447,0.001365,0.001289,0.001219,0.001152,0.00109,0.001032,0.000978,0.000927,0.000879,0.000834,0.000792,0.000753,0.000716,0.000681,0.000648,0.000617,0.000588,0.00056,0.000534,0.000509,0.000486,0.000464,0.000443,0.000424,0.000405,0.000388,0.000371,0.000355,0.00034,0.000326
0.000478,0.024138,0.046404,0.065459,0.07896,0.084912,0.083331,0.076505,0.067525,0.058459,0.050279,0.043257,0.037356,0.03243,0.028317,0.024868,0.021961,0.019494,0.017386,0.015575,0.014009,0.012647,0.011456,0.010409,0.009484,0.008665,0.007935,0.007283,0.006698,0.006172,0.005698,0.005269,0.00488,0.004526,0.004204,0.00391,0.003641,0.003394,0.003168,0.00296,0.002769,0.002593,0.00243,0.002279,0.00214,0.002011,0.001891,0.00178,0.001676,0.00158,0.00149,0.001407,0.001329,0.001256,0.001188,0.001125,0.001065,0.001009,0.000957,0.000908,0.000862,0.000819,0.000778,0.00074,0.000704,0.00067,0.000638,0.000608,0.00058,0.000553,0.000528,0.000504,0.000481,0.00046,0.000439,0.00042,0.000402,0.000385,0.000368,0.000353,0.000338
0.000633,0.032142,0.06272,0.090329,0.110695,0.118278,0.111939,0.097653,0.082053,0.068267,0.056967,0.047915,0.04068,0.034861,0.030135,0.026258,0.023043,0.020352,0.018079,0.016143,0.01448,0.013043,0.011793,0.0107,0.009738,0.008887,0.008132,0.007459,0.006857,0.006317,0.00583,0.00539,0.004991,0.004629,0.0043,0.003999,0.003724,0.003473,0.003242,0.00303,0.002835,0.002655,0.002489,0.002335,0.002193,0.002061,0.001939,0.001825,0.00172,0.001622,0.00153,0.001445,0.001365,0.001291,0.001222,0.001157,0.001096,0.001039,0.000985,0.000935,0.000888,0.000844,0.000802,0.000763,0.000726,0.000691,0.000658,0.000628,0.000598,0.000571,0.000545,0.00052,0.000497,0.000475,0.000454,0.000434,0.000416,0.000398,0.000381,0.000365,0.00035
0.000803,0.041104,0.082208,0.123512,0.159065,0.172123,0.153709,0.123689,0.097519,0.077679,0.062945,0.051879,0.043414,0.036811,0.031569,0.027339,0.023879,0.021011,0.018609,0.016576,0.01484,0.013347,0.012053,0.010924,0.009934,0.009061,0.008288,0.007599,0.006984,0.006432,0.005936,0.005488,0.005082,0.004714,0.004379,0.004074,0.003795,0.00354,0.003305,0.00309,0.002891,0.002709,0.00254,0.002384,0.00224,0.002106,0.001982,0.001866,0.001759,0.001659,0.001566,0.001479,0.001399,0.001323,0.001252,0.001186,0.001124,0.001066,0.001011,0.00096,0.000912,0.000867,0.000824,0.000784,0.000746,0.000711,0.000677,0.000646,0.000616,0.000588,0.000561,0.000536,0.000512,0.00049,0.000468,0.000448,0.000429,0.000411,0.000393,0.000377,0.000361
0.000944,0.048743,0.100215,0.159949,0.231508,0.275334,0.213407,0.150391,0.110573,0.084799,0.067183,0.05458,0.045228,0.038084,0.032495,0.028035,0.024415,0.021435,0.018951,0.016858,0.015077,0.013549,0.012227,0.011077,0.01007,0.009183,0.008398,0.0077,0.007077,0.006519,0.006016,0.005563,0.005153,0.004781,0.004443,0.004134,0.003852,0.003594,0.003357,0.00314,0.002939,0.002755,0.002584,0.002426,0.00228,0.002145,0.002019,0.001902,0.001794,0.001693,0.001598,0.00151,0.001428,0.001352,0.00128,0.001212,0.001149,0.00109,0.001035,0.000983,0.000934,0.000888,0.000845,0.000804,0.000766,0.000729,0.000695,0.000663,0.000633,0.000604,0.000577,0.000551,0.000527,0.000504,0.000482,0.000461,0.000441,0.000423,0.000405,0.000388,0.000372
0.000999,0.051766,0.107796,0.177982,0.288945,0.834665,0.258457,0.163063,0.115808,0.087451,0.068707,0.055535,0.045869,0.038537,0.032829,0.028291,0.024618,0.021601,0.01909,0.016977,0.015182,0.013643,0.012313,0.011156,0.010143,0.009252,0.008463,0.007762,0.007136,0.006575,0.00607,0.005615,0.005204,0.00483,0.00449,0.00418,0.003897,0.003637,0.003399,0.00318,0.002978,0.002792,0.002621,0.002462,0.002315,0.002178,0.002051,0.001934,0.001824,0.001722,0.001627,0.001538,0.001455,0.001377,0.001305,0.001236,0.001173,0.001113,0.001057,0.001004,0.000954,0.000908,0.000864,0.000822,0.000783,0.000746,0.000712,0.000679,0.000648,0.000619,0.000591,0.000565,0.00054,0.000517,0.000494,0.000473,0.000453,0.000434,0.000416,0.000399,0.000383
0.00094,0.048511,0.099642,0.158656,0.228225,0.26928,0.210785,0.149497,0.110209,0.084637,0.067115,0.054561,0.04524,0.038115,0.032539,0.028088,0.024476,0.021501,0.019021,0.016931,0.015153,0.013627,0.012307,0.011159,0.010152,0.009266,0.008481,0.007783,0.00716,0.006601,0.006098,0.005644,0.005233,0.00486,0.004521,0.004211,0.003927,0.003668,0.00343,0.00321,0.003008,0.002822,0.00265,0.00249,0.002343,0.002206,0.002078,0.00196,0.00185,0.001747,0.001651,0.001562,0.001478,0.0014,0.001326,0.001258,0.001193,0.001133,0.001076,0.001023,0.000973,0.000925,0.000881,0.000839,0.000799,0.000762,0.000727,0.000694,0.000662,0.000633,0.000604,0.000578,0.000553,0.000529,0.000506,0.000485,0.000464,0.000445,0.000426,0.000409,0.000392
0.000796,0.040763,0.081433,0.122083,0.15675,0.169407,0.151779,0.122659,0.097004,0.077431,0.06284,0.051858,0.043444,0.036876,0.031659,0.027447,0.024001,0.021144,0.01875,0.016724,0.014993,0.013504,0.012213,0.011087,0.010099,0.009227,0.008454,0.007765,0.00715,0.006597,0.006099,0.00565,0.005242,0.004872,0.004535,0.004227,0.003945,0.003687,0.003449,0.003231,0.00303,0.002844,0.002672,0.002512,0.002365,0.002228,0.0021,0.001982,0.001871,0.001768,0.001672,0.001582,0.001498,0.001419,0.001346,0.001276,0.001212,0.001151,0.001094,0.00104,0.000989,0.000941,0.000897,0.000854,0.000814,0.000777,0.000741,0.000707,0.000675,0.000645,0.000617,0.00059,0.000564,0.00054,0.000517,0.000495,0.000475,0.000455,0.000436,0.000419,0.000402
0.000626,0.031812,0.062028,0.089227,0.10923,0.116729,0.110684,0.096827,0.081575,0.068022,0.056869,0.047913,0.040743,0.034969,0.030277,0.026424,0.023229,0.020554,0.018293,0.016366,0.014712,0.013281,0.012036,0.010945,0.009986,0.009137,0.008383,0.00771,0.007107,0.006564,0.006075,0.005633,0.005232,0.004866,0.004533,0.004229,0.00395,0.003694,0.003459,0.003242,0.003042,0.002857,0.002686,0.002528,0.00238,0.002244,0.002117,0.001998,0.001888,0.001785,0.001689,0.001599,0.001515,0.001436,0.001362,0.001292,0.001227,0.001166,0.001109,0.001055,0.001004,0.000956,0.000911,0.000868,0.000828,0.00079,0.000754,0.00072,0.000688,0.000657,0.000628,0.000601,0.000575,0.000551,0.000527,0.000505,0.000484,0.000464,0.000445,0.000427,0.00041
0.000473,0.023876,0.045885,0.064698,0.078032,0.083965,0.082501,0.075925,0.067165,0.058277,0.050226,0.043299,0.037466,0.032591,0.028517,0.025099,0.022215,0.019767,0.017675,0.015877,0.01432,0.012966,0.011781,0.010739,0.009817,0.008999,0.00827,0.007618,0.007032,0.006504,0.006027,0.005595,0.005202,0.004844,0.004516,0.004217,0.003943,0.00369,0.003458,0.003244,0.003046,0.002863,0.002694,0.002536,0.00239,0.002255,0.002128,0.00201,0.0019,0.001798,0.001702,0.001612,0.001528,0.001449,0.001375,0.001306,0.001241,0.00118,0.001122,0.001068,0.001017,0.000968,0.000923,0.00088,0.00084,0.000801,0.000765,0.000731,0.000699,0.000668,0.000639,0.000611,0.000585,0.00056,0.000537,0.000515,0.000493,0.000473,0.000454,0.000436,0.000418
0.000351,0.017674,0.033752,0.047282,0.056998,0.062085,0.062655,0.059769,0.054885,0.049251,0.043657,0.038502,0.033927,0.029946,0.026513,0.02356,0.021018,0.018826,0.016928,0.015277,0.013836,0.012572,0.011459,0.010474,0.009599,0.008818,0.00812,0.007493,0.006929,0.006418,0.005956,0.005536,0.005154,0.004805,0.004485,0.004192,0.003923,0.003676,0.003447,0.003237,0.003042,0.002861,0.002694,0.002539,0.002394,0.00226,0.002135,0.002018,0.001909,0.001807,0.001711,0.001622,0.001538,0.00146,0.001386,0.001317,0.001252,0.001191,0.001133,0.001079,0.001028,0.000979,0.000934,0.000891,0.00085,0.000812,0.000775,0.000741,0.000708,0.000678,0.000648,0.000621,0.000594,0.000569,0.000546,0.000523,0.000502,0.000481,0.000462,0.000443,0.000426
0.00026,0.0131,0.024988,0.035025,0.04246,0.046875,0.048342,0.047398,0.044819,0.041359,0.037586,0.03386,0.030373,0.027209,0.024388,0.021895,0.019702,0.017776,0.016083,0.014593,0.013278,0.012113,0.01108,0.010159,0.009336,0.008599,0.007937,0.007339,0.006799,0.006309,0.005864,0.005459,0.005089,0.00475,0.00444,0.004155,0.003893,0.003651,0.003427,0.003221,0.00303,0.002853,0.002688,0.002535,0.002393,0.00226,0.002136,0.002021,0.001913,0.001812,0.001717,0.001629,0.001546,0.001467,0.001394,0.001325,0.00126,0.001199,0.001142,0.001088,0.001037,0.000988,0.000943,0.0009,0.000859,0.000821,0.000784,0.00075,0.000717,0.000686,0.000657,0.000629,0.000603,0.000577,0.000554,0.000531,0.000509,0.000489,0.000469,0.000451,0.000433
0.000195,0.009803,0.018726,0.02635,0.032196,0.036011,0.03782,0.037906,0.036702,0.034668,0.032195,0.029568,0.026973,0.024514,0.022244,0.020181,0.018324,0.01666,0.015174,0.013847,0.012663,0.011603,0.010655,0.009803,0.009038,0.008347,0.007724,0.007159,0.006646,0.006179,0.005753,0.005365,0.005009,0.004682,0.004382,0.004106,0.003851,0.003616,0.003399,0.003197,0.003011,0.002837,0.002676,0.002526,0.002386,0.002255,0.002134,0.00202,0.001913,0.001813,0.00172,0.001632,0.00155,0.001472,0.0014,0.001331,0.001267,0.001206,0.001149,0.001095,0.001044,0.000996,0.000951,0.000908,0.000867,0.000829,0.000792,0.000758,0.000725,0.000694,0.000664,0.000636,0.00061,0.000585,0.000561,0.000538,0.000516,0.000496,0.000476,0.000457,0.000439
0.000147,0.007434,0.014239,0.020139,0.024814,0.02809,0.029962,0.03058,0.030193,0.029086,0.027522,0.025717,0.023825,0.021951,0.020158,0.01848,0.016931,0.015516,0.014229,0.013064,0.01201,0.011057,0.010196,0.009416,0.00871,0.008069,0.007486,0.006956,0.006472,0.00603,0.005626,0.005255,0.004915,0.004601,0.004313,0.004047,0.0038,0.003573,0.003362,0.003166,0.002984,0.002815,0.002658,0.002511,0.002374,0.002246,0.002126,0.002014,0.00191,0.001811,0.001719,0.001632,0.001551,0.001475,0.001403,0.001335,0.001271,0.001211,0.001154,0.0011,0.00105,0.001002,0.000957,0.000914,0.000873,0.000835,0.000799,0.000764,0.000731,0.0007,0.000671,0.000643,0.000616,0.000591,0.000567,0.000544,0.000523,0.000502,0.000482,0.000463,0.000445
0.000113,0.005721,0.010991,0.01563,0.019413,0.022214,0.024012,0.024884,0.024975,0.024464,0.023529,0.022325,0.020976,0.019573,0.01818,0.016835,0.015563,0.014375,0.013275,0.012263,0.011336,0.010487,0.009713,0.009005,0.008359,0.007769,0.007229,0.006735,0.006282,0.005866,0.005484,0.005132,0.004808,0.004509,0.004233,0.003978,0.003741,0.003521,0.003317,0.003128,0.002951,0.002787,0.002634,0.002491,0.002357,0.002232,0.002115,0.002005,0.001902,0.001806,0.001715,0.00163,0.00155,0.001474,0.001403,0.001336,0.001273,0.001214,0.001157,0.001104,0.001054,0.001006,0.000961,0.000919,0.000879,0.00084,0.000804,0.00077,0.000737,0.000706,0.000677,0.000649,0.000622,0.000597,0.000573,0.00055,0.000528,0.000507,0.000488,0.000469,0.000451
8.8e-005,0.004468,0.008611,0.012307,0.015399,0.017789,0.01945,0.02042,0.020782,0.020651,0.020144,0.019374,0.018437,0.017407,0.016341,0.015279,0.014247,0.013261,0.012332,0.011462,0.010654,0.009906,0.009216,0.008579,0.007993,0.007453,0.006956,0.006499,0.006077,0.005688,0.00533,0.004998,0.004691,0.004407,0.004144,0.0039,0.003673,0.003462,0.003266,0.003083,0.002913,0.002754,0.002605,0.002466,0.002336,0.002214,0.0021,0.001992,0.001892,0.001797,0.001708,0.001625,0.001546,0.001471,0.001401,0.001335,0.001273,0.001214,0.001159,0.001106,0.001056,0.001009,0.000965,0.000922,0.000882,0.000844,0.000808,0.000774,0.000742,0.000711,0.000681,0.000654,0.000627,0.000602,0.000578,0.000555,0.000533,0.000512,0.000492,0.000474,0.000456
7e-005,0.00354,0.00684,0.009823,0.012371,0.01441,0.015913,0.016893,0.0174,0.017504,0.017287,0.016828,0.016198,0.015458,0.014656,0.013828,0.013001,0.012193,0.011415,0.010676,0.009978,0.009325,0.008714,0.008146,0.007618,0.007128,0.006673,0.006253,0.005862,0.005501,0.005165,0.004854,0.004565,0.004297,0.004047,0.003815,0.003598,0.003397,0.003209,0.003033,0.002869,0.002715,0.002571,0.002437,0.00231,0.002192,0.002081,0.001976,0.001878,0.001785,0.001698,0.001616,0.001539,0.001466,0.001398,0.001333,0.001271,0.001213,0.001158,0.001106,0.001057,0.001011,0.000966,0.000925,0.000885,0.000847,0.000811,0.000778,0.000745,0.000715,0.000685,0.000658,0.000631,0.000606,0.000582,0.000559,0.000537,0.000517,0.000497,0.000478,0.00046
5.6e-005,0.002841,0.005505,0.007938,0.010055,0.011798,0.01314,0.014084,0.014657,0.014904,0.01488,0.014639,0.014237,0.01372,0.013128,0.012492,0.011837,0.011181,0.010537,0.009914,0.009317,0.00875,0.008215,0.007711,0.007238,0.006796,0.006384,0.005999,0.00564,0.005305,0.004994,0.004703,0.004432,0.004179,0.003944,0.003723,0.003518,0.003325,0.003146,0.002977,0.00282,0.002672,0.002533,0.002403,0.002281,0.002166,0.002058,0.001957,0.001861,0.001771,0.001686,0.001606,0.00153,0.001459,0.001391,0.001328,0.001267,0.00121,0.001156,0.001105,0.001057,0.001011,0.000967,0.000926,0.000886,0.000849,0.000814,0.00078,0.000748,0.000717,0.000688,0.000661,0.000634,0.000609,0.000585,0.000563,0.000541,0.00052,0.0005,0.000482,0.000464
4.6e-005,0.002309,0.004483,0.006489,0.008261,0.009754,0.010945,0.011829,0.012421,0.01275,0.012851,0.012763,0.012528,0.012181,0.011753,0.011273,0.010761,0.010234,0.009706,0.009185,0.008678,0.00819,0.007724,0.00728,0.00686,0.006464,0.006091,0.005741,0.005413,0.005105,0.004816,0.004546,0.004293,0.004056,0.003834,0.003627,0.003432,0.003249,0.003078,0.002917,0.002766,0.002625,0.002491,0.002366,0.002248,0.002137,0.002033,0.001934,0.001841,0.001754,0.001671,0.001593,0.001519,0.001449,0.001383,0.001321,0.001262,0.001206,0.001153,0.001102,0.001054,0.001009,0.000966,0.000925,0.000887,0.00085,0.000815,0.000781,0.000749,0.000719,0.00069,0.000663,0.000637,0.000612,0.000588,0.000566,0.000544,0.000523,0.000504,0.000485,0.000467
3.7e-005,0.001897,0.003691,0.00536,0.006854,0.008138,0.00919,0.010005,0.010589,0.010958,0.011138,0.011156,0.011042,0.010822,0.010524,0.010168,0.009773,0.009355,0.008926,0.008494,0.008067,0.00765,0.007246,0.006858,0.006487,0.006134,0.005799,0.005482,0.005183,0.004901,0.004635,0.004385,0.00415,0.003929,0.003721,0.003525,0.003342,0.003169,0.003006,0.002853,0.002709,0.002574,0.002446,0.002326,0.002212,0.002105,0.002004,0.001909,0.001819,0.001734,0.001654,0.001578,0.001506,0.001438,0.001373,0.001312,0.001254,0.001199,0.001147,0.001098,0.001051,0.001006,0.000964,0.000924,0.000886,0.000849,0.000815,0.000782,0.00075,0.00072,0.000692,0.000665,0.000639,0.000614,0.00059,0.000568,0.000546,0.000526,0.000506,0.000488,0.00047
3.1e-005,0.001575,0.00307,0.00447,0.005739,0.006847,0.007776,0.008518,0.009077,0.009462,0.00969,0.009779,0.009751,0.009627,0.009428,0.009171,0.008872,0.008545,0.008199,0.007844,0.007487,0.007133,0.006786,0.006448,0.006122,0.005809,0.005509,0.005224,0.004953,0.004696,0.004452,0.004221,0.004004,0.003798,0.003604,0.003421,0.003248,0.003085,0.002931,0.002786,0.002649,0.00252,0.002398,0.002283,0.002174,0.002071,0.001974,0.001882,0.001795,0.001712,0.001634,0.001561,0.001491,0.001424,0.001362,0.001302,0.001245,0.001192,0.001141,0.001092,0.001046,0.001003,0.000961,0.000921,0.000884,0.000848,0.000814,0.000781,0.00075,0.000721,0.000692,0.000665,0.00064,0.000615,0.000592,0.00057,0.000548,0.000528,0.000508,0.00049,0.000472
2.6e-005,0.00132,0.002577,0.003762,0.004845,0.005805,0.006625,0.007298,0.007824,0.008208,0.008461,0.008597,0.00863,0.008578,0.008455,0.008276,0.008054,0.007801,0.007526,0.007237,0.00694,0.006642,0.006345,0.006053,0.005768,0.005492,0.005225,0.004969,0.004725,0.004491,0.004268,0.004057,0.003856,0.003665,0.003485,0.003314,0.003152,0.002998,0.002853,0.002716,0.002586,0.002463,0.002347,0.002237,0.002132,0.002034,0.00194,0.001852,0.001768,0.001688,0.001613,0.001542,0.001474,0.001409,0.001348,0.00129,0.001235,0.001183,0.001133,0.001085,0.00104,0.000997,0.000957,0.000918,0.000881,0.000845,0.000812,0.00078,0.000749,0.00072,0.000692,0.000666,0.00064,0.000616,0.000593,0.000571,0.00055,0.000529,0.00051,0.000491,0.000474
2.2e-005,0.001116,0.002181,0.003191,0.004122,0.004957,0.005682,0.00629,0.006779,0.007152,0.007416,0.00758,0.007656,0.007656,0.007591,0.007473,0.007313,0.007121,0.006905,0.006672,0.006428,0.006178,0.005926,0.005674,0.005427,0.005184,0.004948,0.00472,0.0045,0.004289,0.004086,0.003892,0.003708,0.003532,0.003364,0.003205,0.003053,0.00291,0.002773,0.002644,0.002521,0.002404,0.002294,0.002189,0.002089,0.001995,0.001905,0.00182,0.001739,0.001663,0.00159,0.001521,0.001455,0.001393,0.001333,0.001277,0.001223,0.001172,0.001124,0.001077,0.001033,0.000991,0.000951,0.000913,0.000877,0.000842,0.000809,0.000777,0.000747,0.000719,0.000691,0.000665,0.00064,0.000616,0.000593,0.000571,0.00055,0.00053,0.000511,0.000493,0.000475
1.9e-005,0.000951,0.00186,0.002727,0.003532,0.004261,0.004902,0.00545,0.005902,0.006259,0.006524,0.006705,0.006809,0.006846,0.006825,0.006755,0.006644,0.006502,0.006335,0.006149,0.00595,0.005742,0.005529,0.005314,0.0051,0.004888,0.00468,0.004477,0.00428,0.004089,0.003906,0.003729,0.00356,0.003398,0.003243,0.003095,0.002954,0.00282,0.002692,0.00257,0.002454,0.002344,0.002239,0.002139,0.002044,0.001954,0.001868,0.001787,0.001709,0.001635,0.001565,0.001498,0.001435,0.001375,0.001317,0.001262,0.00121,0.00116,0.001113,0.001068,0.001025,0.000984,0.000945,0.000907,0.000872,0.000838,0.000805,0.000774,0.000745,0.000717,0.00069,0.000664,0.000639,0.000615,0.000593,0.000571,0.00055,0.000531,0.000512,0.000493,0.000476
1.6e-005,0.000816,0.001598,0.002346,0.003046,0.003685,0.004254,0.004748,0.005163,0.005499,0.00576,0.005948,0.006071,0.006134,0.006146,0.006112,0.006041,0.00594,0.005813,0.005666,0.005506,0.005334,0.005155,0.004973,0.004788,0.004604,0.004421,0.004241,0.004066,0.003895,0.003729,0.003568,0.003414,0.003265,0.003122,0.002985,0.002854,0.002729,0.002609,0.002495,0.002386,0.002281,0.002182,0.002088,0.001997,0.001912,0.00183,0.001752,0.001677,0.001607,0.001539,0.001475,0.001414,0.001355,0.0013,0.001246,0.001196,0.001148,0.001102,0.001058,0.001016,0.000976,0.000937,0.000901,0.000866,0.000833,0.000801,0.000771,0.000742,0.000714,0.000687,0.000662,0.000637,0.000614,0.000592,0.00057,0.00055,0.00053,0.000512,0.000494,0.000476
1.4e-005,0.000705,0.001381,0.002031,0.002642,0.003205,0.003711,0.004156,0.004536,0.004852,0.005103,0.005293,0.005427,0.005508,0.005544,0.005538,0.005498,0.005429,0.005335,0.005222,0.005094,0.004953,0.004805,0.00465,0.004492,0.004332,0.004173,0.004014,0.003858,0.003705,0.003556,0.00341,0.00327,0.003133,0.003002,0.002876,0.002754,0.002638,0.002526,0.002419,0.002316,0.002218,0.002125,0.002035,0.00195,0.001868,0.00179,0.001715,0.001644,0.001576,0.001512,0.00145,0.001391,0.001335,0.001281,0.00123,0.001181,0.001134,0.001089,0.001046,0.001006,0.000967,0.000929,0.000894,0.00086,0.000827,0.000796,0.000766,0.000738,0.00071,0.000684,0.000659,0.000635,0.000612,0.00059,0.000569,0.000549,0.00053,0.000511,0.000493,0.000476
1.2e-005,0.000612,0.001202,0.001769,0.002305,0.002802,0.003254,0.003655,0.004003,0.004296,0.004536,0.004724,0.004863,0.004957,0.005009,0.005025,0.00501,0.004966,0.0049,0.004814,0.004713,0.0046,0.004477,0.004347,0.004212,0.004074,0.003935,0.003796,0.003658,0.003521,0.003387,0.003256,0.003128,0.003004,0.002884,0.002767,0.002655,0.002547,0.002443,0.002343,0.002247,0.002155,0.002066,0.001982,0.001901,0.001823,0.001749,0.001678,0.00161,0.001545,0.001483,0.001424,0.001367,0.001313,0.001261,0.001212,0.001164,0.001119,0.001076,0.001034,0.000994,0.000957,0.00092,0.000886,0.000852,0.000821,0.00079,0.000761,0.000733,0.000706,0.000681,0.000656,0.000633,0.00061,0.000588,0.000568,0.000548,0.000529,0.00051,0.000493,0.000476
1.1e-005,0.000535,0.001051,0.001549,0.002022,0.002463,0.002866,0.003228,0.003546,0.003818,0.004046,0.004228,0.004369,0.00447,0.004535,0.004567,0.00457,0.004547,0.004503,0.00444,0.004362,0.004271,0.00417,0.004062,0.003948,0.00383,0.003709,0.003588,0.003465,0.003344,0.003224,0.003106,0.00299,0.002877,0.002767,0.00266,0.002557,0.002457,0.00236,0.002267,0.002177,0.002091,0.002008,0.001928,0.001851,0.001778,0.001707,0.00164,0.001575,0.001513,0.001454,0.001397,0.001343,0.00129,0.001241,0.001193,0.001147,0.001103,0.001061,0.001021,0.000983,0.000946,0.00091,0.000877,0.000844,0.000813,0.000784,0.000755,0.000728,0.000702,0.000677,0.000652,0.000629,0.000607,0.000586,0.000566,0.000546,0.000527,0.000509,0.000492,0.000475
9e-006,0.00047,0.000924,0.001363,0.001782,0.002174,0.002535,0.002863,0.003153,0.003405,0.003619,0.003795,0.003935,0.00404,0.004113,0.004156,0.004174,0.004168,0.004141,0.004097,0.004038,0.003967,0.003885,0.003795,0.003699,0.003599,0.003495,0.003388,0.003281,0.003174,0.003067,0.00296,0.002856,0.002753,0.002653,0.002555,0.00246,0.002367,0.002278,0.002191,0.002107,0.002026,0.001949,0.001874,0.001801,0.001732,0.001665,0.001601,0.00154,0.00148,0.001424,0.001369,0.001317,0.001267,0.001219,0.001173,0.001129,0.001087,0.001046,0.001007,0.00097,0.000934,0.0009,0.000867,0.000836,0.000805,0.000776,0.000749,0.000722,0.000696,0.000672,0.000648,0.000626,0.000604,0.000583,0.000563,0.000544,0.000525,0.000508,0.00049,0.000474
8e-006,0.000415,0.000816,0.001205,0.001577,0.001927,0.002252,0.002548,0.002814,0.003047,0.003248,0.003416,0.003552,0.003659,0.003737,0.003789,0.003817,0.003824,0.003812,0.003783,0.00374,0.003685,0.00362,0.003546,0.003466,0.003381,0.003291,0.003199,0.003105,0.00301,0.002915,0.00282,0.002726,0.002633,0.002542,0.002452,0.002365,0.002279,0.002197,0.002116,0.002038,0.001963,0.00189,0.001819,0.001751,0.001686,0.001623,0.001562,0.001503,0.001447,0.001393,0.001341,0.001291,0.001243,0.001197,0.001153,0.00111,0.00107,0.00103,0.000993,0.000957,0.000922,0.000889,0.000857,0.000826,0.000797,0.000769,0.000742,0.000716,0.000691,0.000667,0.000644,0.000621,0.0006,0.00058,0.00056,0.000541,0.000523,0.000505,0.000489,0.000473
7e-006,0.000368,0.000724,0.00107,0.001402,0.001716,0.002008,0.002277,0.00252,0.002735,0.002923,0.003082,0.003215,0.003321,0.003402,0.003459,0.003496,0.003513,0.003512,0.003496,0.003466,0.003425,0.003374,0.003314,0.003247,0.003175,0.003099,0.003019,0.002937,0.002854,0.002769,0.002685,0.0026,0.002516,0.002433,0.002352,0.002271,0.002193,0.002117,0.002042,0.00197,0.001899,0.001831,0.001765,0.001701,0.001639,0.00158,0.001522,0.001467,0.001413,0.001362,0.001312,0.001264,0.001219,0.001174,0.001132,0.001091,0.001052,0.001014,0.000978,0.000943,0.000909,0.000877,0.000846,0.000817,0.000788,0.000761,0.000734,0.000709,0.000684,0.000661,0.000638,0.000617,0.000596,0.000576,0.000557,0.000538,0.00052,0.000503,0.000487,0.000471
6e-006,0.000328,0.000645,0.000954,0.001251,0.001533,0.001797,0.002041,0.002263,0.002462,0.002637,0.002788,0.002916,0.00302,0.003102,0.003164,0.003206,0.00323,0.003239,0.003233,0.003214,0.003184,0.003145,0.003097,0.003043,0.002983,0.002918,0.002849,0.002778,0.002705,0.00263,0.002554,0.002479,0.002403,0.002328,0.002254,0.00218,0.002109,0.002038,0.001969,0.001902,0.001836,0.001773,0.001711,0.001651,0.001593,0.001537,0.001482,0.00143,0.001379,0.00133,0.001283,0.001237,0.001193,0.001151,0.00111,0.001071,0.001034,0.000997,0.000962,0.000929,0.000896,0.000865,0.000835,0.000806,0.000779,0.000752,0.000726,0.000701,0.000678,0.000655,0.000633,0.000612,0.000591,0.000572,0.000553,0.000535,0.000517,0.0005,0.000484,0.000468
6e-006,0.000293,0.000576,0.000853,0.00112,0.001374,0.001614,0.001836,0.002039,0.002223,0.002386,0.002529,0.00265,0.002752,0.002834,0.002898,0.002944,0.002974,0.00299,0.002992,0.002983,0.002963,0.002933,0.002896,0.002852,0.002802,0.002747,0.002688,0.002627,0.002562,0.002497,0.00243,0.002362,0.002294,0.002226,0.002159,0.002092,0.002026,0.001961,0.001898,0.001835,0.001774,0.001715,0.001657,0.001601,0.001547,0.001494,0.001442,0.001393,0.001345,0.001298,0.001253,0.00121,0.001168,0.001128,0.001089,0.001051,0.001015,0.00098,0.000946,0.000914,0.000883,0.000852,0.000823,0.000795,0.000769,0.000743,0.000718,0.000694,0.000671,0.000648,0.000627,0.000606,0.000586,0.000567,0.000549,0.000531,0.000514,0.000497,0.000481,0.000466
5e-006,0.000263,0.000517,0.000766,0.001007,0.001237,0.001454,0.001656,0.001843,0.002013,0.002164,0.002298,0.002414,0.002513,0.002594,0.002658,0.002707,0.002742,0.002763,0.002772,0.00277,0.002758,0.002737,0.002708,0.002673,0.002632,0.002586,0.002536,0.002483,0.002427,0.00237,0.00231,0.00225,0.002189,0.002128,0.002067,0.002006,0.001946,0.001886,0.001828,0.00177,0.001714,0.001658,0.001604,0.001552,0.001501,0.001451,0.001403,0.001356,0.00131,0.001266,0.001224,0.001182,0.001142,0.001104,0.001067,0.001031,0.000996,0.000962,0.00093,0.000899,0.000868,0.000839,0.000811,0.000784,0.000758,0.000733,0.000709,0.000686,0.000663,0.000641,0.000621,0.0006,0.000581,0.000562,0.000544,0.000527,0.00051,0.000494,0.000478,0.000463
5e-006,0.000236,0.000466,0.00069,0.000908,0.001116,0.001313,0.001498,0.00167,0.001827,0.001968,0.002094,0.002204,0.002299,0.002378,0.002443,0.002493,0.002531,0.002556,0.002571,0.002574,0.002569,0.002555,0.002534,0.002507,0.002473,0.002435,0.002393,0.002348,0.002299,0.002249,0.002196,0.002143,0.002088,0.002033,0.001978,0.001923,0.001868,0.001813,0.001759,0.001706,0.001654,0.001603,0.001552,0.001503,0.001455,0.001409,0.001363,0.001319,0.001276,0.001234,0.001194,0.001155,0.001117,0.00108,0.001044,0.00101,0.000976,0.000944,0.000913,0.000883,0.000854,0.000826,0.000799,0.000773,0.000748,0.000723,0.0007,0.000677,0.000655,0.000634,0.000614,0.000594,0.000575,0.000557,0.000539,0.000522,0.000506,0.00049,0.000475,0.00046
4e-006,0.000213,0.000421,0.000624,0.000821,0.00101,0.00119,0.001359,0.001517,0.001662,0.001794,0.001912,0.002016,0.002107,0.002184,0.002248,0.002299,0.002339,0.002368,0.002386,0.002395,0.002395,0.002387,0.002372,0.002351,0.002325,0.002293,0.002258,0.002219,0.002178,0.002134,0.002087,0.00204,0.001991,0.001942,0.001892,0.001842,0.001792,0.001742,0.001693,0.001644,0.001595,0.001548,0.001501,0.001455,0.00141,0.001367,0.001324,0.001282,0.001242,0.001202,0.001164,0.001127,0.001091,0.001055,0.001022,0.000989,0.000957,0.000926,0.000896,0.000867,0.000839,0.000812,0.000786,0.000761,0.000737,0.000713,0.00069,0.000668,0.000647,0.000627,0.000607,0.000588,0.000569,0.000551,0.000534,0.000518,0.000502,0.000486,0.000471,0.000457
4e-006,0.000193,0.000381,0.000565,0.000744,0.000917,0.001081,0.001236,0.001382,0.001516,0.001638,0.001749,0.001848,0.001934,0.002009,0.002072,0.002123,0.002164,0.002195,0.002217,0.002229,0.002234,0.002231,0.002222,0.002206,0.002186,0.00216,0.002131,0.002098,0.002062,0.002024,0.001984,0.001942,0.001899,0.001854,0.00181,0.001764,0.001719,0.001673,0.001628,0.001583,0.001538,0.001494,0.001451,0.001408,0.001366,0.001325,0.001285,0.001246,0.001208,0.00117,0.001134,0.001099,0.001065,0.001031,0.000999,0.000967,0.000937,0.000907,0.000879,0.000851,0.000824,0.000798,0.000773,0.000749,0.000725,0.000702,0.00068,0.000659,0.000639,0.000619,0.0006,0.000581,0.000563,0.000546,0.000529,0.000513,0.000497,0.000482,0.000467,0.000453
3e-006,0.000176,0.000346,0.000514,0.000677,0.000834,0.000985,0.001127,0.001261,0.001386,0.0015,0.001604,0.001697,0.001779,0.001851,0.001912,0.001964,0.002005,0.002038,0.002061,0.002077,0.002085,0.002087,0.002082,0.002071,0.002056,0.002036,0.002012,0.001984,0.001954,0.001921,0.001885,0.001848,0.00181,0.001771,0.00173,0.001689,0.001648,0.001606,0.001565,0.001523,0.001482,0.001442,0.001401,0.001362,0.001323,0.001284,0.001247,0.00121,0.001174,0.001139,0.001105,0.001071,0.001039,0.001007,0.000976,0.000946,0.000917,0.000889,0.000861,0.000835,0.000809,0.000784,0.00076,0.000736,0.000714,0.000692,0.00067,0.00065,0.00063,0.000611,0.000592,0.000574,0.000556,0.00054,0.000523,0.000508,0.000492,0.000477,0.000463,0.000449
3e-006,0.00016,0.000315,0.000468,0.000617,0.000761,0.000899,0.00103,0.001154,0.001269,0.001376,0.001473,0.001561,0.001639,0.001708,0.001768,0.001818,0.00186,0.001893,0.001919,0.001937,0.001948,0.001953,0.001952,0.001946,0.001934,0.001919,0.001899,0.001876,0.001851,0.001822,0.001792,0.001759,0.001725,0.00169,0.001654,0.001617,0.00158,0.001542,0.001504,0.001466,0.001428,0.001391,0.001353,0.001316,0.00128,0.001244,0.001209,0.001175,0.001141,0.001108,0.001075,0.001044,0.001013,0.000983,0.000953,0.000925,0.000897,0.00087,0.000844,0.000818,0.000794,0.00077,0.000746,0.000724,0.000702,0.000681,0.00066,0.00064,0.000621,0.000602,0.000584,0.000567,0.00055,0.000533,0.000517,0.000502,0.000487,0.000473,0.000459,0.000445
3e-006,0.000146,0.000288,0.000427,0.000564,0.000696,0.000823,0.000944,0.001058,0.001165,0.001264,0.001355,0.001438,0.001513,0.001579,0.001636,0.001686,0.001727,0.001761,0.001788,0.001808,0.001822,0.001829,0.001831,0.001828,0.001821,0.001809,0.001794,0.001775,0.001753,0.001729,0.001703,0.001674,0.001644,0.001613,0.001581,0.001548,0.001514,0.00148,0.001445,0.00141,0.001375,0.001341,0.001306,0.001272,0.001238,0.001205,0.001172,0.00114,0.001108,0.001077,0.001046,0.001016,0.000987,0.000958,0.000931,0.000903,0.000877,0.000851,0.000826,0.000802,0.000778,0.000755,0.000733,0.000711,0.00069,0.00067,0.00065,0.00063,0.000612,0.000594,0.000576,0.000559,0.000543,0.000527,0.000511,0.000496,0.000482,0.000468,0.000454,0.000441
3e-006,0.000134,0.000263,0.000391,0.000516,0.000638,0.000755,0.000866,0.000972,0.001071,0.001164,0.001249,0.001327,0.001398,0.001461,0.001517,0.001565,0.001606,0.00164,0.001668,0.001689,0.001705,0.001714,0.001719,0.001719,0.001715,0.001707,0.001695,0.00168,0.001662,0.001641,0.001618,0.001594,0.001567,0.00154,0.001511,0.001481,0.001451,0.00142,0.001388,0.001356,0.001324,0.001292,0.001261,0.001229,0.001197,0.001166,0.001136,0.001105,0.001075,0.001046,0.001017,0.000989,0.000961,0.000934,0.000908,0.000882,0.000857,0.000832,0.000809,0.000785,0.000763,0.00074,0.000719,0.000698,0.000678,0.000658,0.000639,0.00062,0.000602,0.000585,0.000568,0.000552,0.000536,0.00052,0.000505,0.000491,0.000476,0.000463,0.00045,0.000437
2e-006,0.000122,0.000242,0.000359,0.000474,0.000586,0.000694,0.000797,0.000895,0.000987,0.001074,0.001154,0.001227,0.001294,0.001354,0.001408,0.001455,0.001495,0.001529,0.001557,0.001579,0.001596,0.001608,0.001615,0.001617,0.001616,0.00161,0.001602,0.00159,0.001575,0.001558,0.001538,0.001517,0.001494,0.00147,0.001444,0.001417,0.00139,0.001362,0.001333,0.001304,0.001275,0.001245,0.001216,0.001187,0.001158,0.001129,0.0011,0.001072,0.001044,0.001016,0.000989,0.000962,0.000936,0.000911,0.000886,0.000861,0.000837,0.000814,0.000791,0.000769,0.000747,0.000726,0.000705,0.000685,0.000666,0.000647,0.000628,0.00061,0.000593,0.000576,0.00056,0.000544,0.000528,0.000513,0.000499,0.000485,0.000471,0.000458,0.000445,0.000432
2e-006,0.000113,0.000222,0.00033,0.000436,0.000539,0.000639,0.000734,0.000825,0.000911,0.000992,0.001067,0.001136,0.0012,0.001257,0.001308,0.001354,0.001393,0.001427,0.001455,0.001478,0.001496,0.001509,0.001518,0.001523,0.001523,0.00152,0.001514,0.001505,0.001493,0.001479,0.001462,0.001444,0.001424,0.001403,0.00138,0.001356,0.001331,0.001306,0.00128,0.001254,0.001227,0.0012,0.001173,0.001146,0.001119,0.001092,0.001065,0.001039,0.001012,0.000986,0.000961,0.000936,0.000911,0.000887,0.000863,0.00084,0.000817,0.000795,0.000773,0.000752,0.000731,0.000711,0.000691,0.000672,0.000653,0.000635,0.000617,0.0006,0.000583,0.000567,0.000551,0.000536,0.000521,0.000506,0.000492,0.000478,0.000465,0.000452,0.00044,0.000427
2e-006,0.000104,0.000205,0.000304,0.000402,0.000497,0.000589,0.000678,0.000762,0.000843,0.000918,0.000989,0.001054,0.001114,0.001168,0.001218,0.001261,0.0013,0.001333,0.001361,0.001385,0.001403,0.001418,0.001428,0.001434,0.001437,0.001436,0.001432,0.001425,0.001416,0.001404,0.001391,0.001375,0.001358,0.001339,0.001319,0.001298,0.001275,0.001252,0.001229,0.001205,0.00118,0.001156,0.001131,0.001106,0.001081,0.001056,0.001031,0.001006,0.000982,0.000957,0.000934,0.00091,0.000887,0.000864,0.000841,0.000819,0.000798,0.000776,0.000756,0.000735,0.000716,0.000696,0.000677,0.000659,0.000641,0.000624,0.000606,0.00059,0.000574,0.000558,0.000543,0.000528,0.000513,0.000499,0.000485,0.000472,0.000459,0.000447,0.000434,0.000423
2e-006,9.6e-005,0.000189,0.000281,0.000371,0.000459,0.000545,0.000627,0.000706,0.00078,0.000851,0.000917,0.000979,0.001036,0.001087,0.001134,0.001177,0.001214,0.001247,0.001275,0.001298,0.001317,0.001333,0.001344,0.001352,0.001356,0.001357,0.001355,0.00135,0.001343,0.001334,0.001322,0.001309,0.001294,0.001278,0.00126,0.001241,0.001222,0.001201,0.00118,0.001158,0.001136,0.001113,0.00109,0.001067,0.001044,0.001021,0.000998,0.000975,0.000952,0.000929,0.000907,0.000884,0.000862,0.000841,0.00082,0.000799,0.000778,0.000758,0.000738,0.000719,0.0007,0.000682,0.000664,0.000646,0.000629,0.000612,0.000595,0.000579,0.000564,0.000549,0.000534,0.000519,0.000505,0.000492,0.000479,0.000466,0.000453,0.000441,0.000429,0.000418
2e-006,8.8e-005,0.000175,0.00026,0.000343,0.000425,0.000504,0.000581,0.000654,0.000724,0.00079,0.000852,0.00091,0.000964,0.001013,0.001058,0.001099,0.001135,0.001167,0.001195,0.001218,0.001238,0.001254,0.001266,0.001275,0.00128,0.001283,0.001283,0.00128,0.001275,0.001267,0.001258,0.001247,0.001234,0.00122,0.001204,0.001188,0.00117,0.001152,0.001133,0.001113,0.001093,0.001072,0.001051,0.00103,0.001008,0.000987,0.000965,0.000944,0.000922,0.000901,0.00088,0.000859,0.000839,0.000818,0.000798,0.000778,0.000759,0.00074,0.000721,0.000703,0.000685,0.000667,0.00065,0.000633,0.000616,0.0006,0.000584,0.000569,0.000554,0.000539,0.000525,0.000511,0.000498,0.000484,0.000472,0.000459,0.000447,0.000435,0.000424,0.000412
2e-006,8.2e-005,0.000162,0.000241,0.000318,0.000394,0.000468,0.000539,0.000607,0.000673,0.000735,0.000793,0.000848,0.000899,0.000946,0.000988,0.001027,0.001062,0.001093,0.001121,0.001144,0.001164,0.00118,0.001193,0.001203,0.001209,0.001213,0.001215,0.001214,0.00121,0.001205,0.001197,0.001188,0.001177,0.001165,0.001151,0.001137,0.001121,0.001104,0.001087,0.001069,0.001051,0.001032,0.001013,0.000993,0.000973,0.000954,0.000934,0.000914,0.000894,0.000874,0.000854,0.000835,0.000815,0.000796,0.000777,0.000758,0.00074,0.000722,0.000704,0.000686,0.000669,0.000652,0.000636,0.00062,0.000604,0.000588,0.000573,0.000559,0.000544,0.00053,0.000516,0.000503,0.00049,0.000477,0.000465,0.000453,0.000441,0.000429,0.000418,0.000407
1e-006,7.6e-005,0.00015,0.000223,0.000295,0.000366,0.000434,0.000501,0.000565,0.000626,0.000684,0.000739,0.00079,0.000839,0.000883,0.000924,0.000962,0.000995,0.001025,0.001052,0.001075,0.001095,0.001112,0.001125,0.001136,0.001143,0.001148,0.001151,0.001151,0.001149,0.001145,0.001139,0.001132,0.001123,0.001112,0.001101,0.001088,0.001074,0.001059,0.001044,0.001027,0.001011,0.000994,0.000976,0.000958,0.00094,0.000921,0.000903,0.000884,0.000866,0.000847,0.000829,0.00081,0.000792,0.000774,0.000756,0.000739,0.000721,0.000704,0.000687,0.00067,0.000654,0.000638,0.000622,0.000607,0.000592,0.000577,0.000562,0.000548,0.000534,0.000521,0.000507,0.000494,0.000482,0.00047,0.000458,0.000446,0.000434,0.000423,0.000412,0.000402
1e-006,7.1e-005,0.000139,0.000207,0.000274,0.00034,0.000404,0.000466,0.000526,0.000583,0.000638,0.000689,0.000738,0.000784,0.000826,0.000865,0.000901,0.000933,0.000963,0.000989,0.001011,0.001031,0.001048,0.001062,0.001073,0.001081,0.001087,0.001091,0.001092,0.001092,0.001089,0.001085,0.001079,0.001071,0.001062,0.001052,0.001041,0.001029,0.001016,0.001002,0.000987,0.000972,0.000956,0.00094,0.000924,0.000907,0.00089,0.000873,0.000856,0.000839,0.000821,0.000804,0.000787,0.00077,0.000753,0.000736,0.000719,0.000703,0.000686,0.00067,0.000654,0.000639,0.000624,0.000609,0.000594,0.000579,0.000565,0.000551,0.000538,0.000524,0.000511,0.000498,0.000486,0.000474,0.000462,0.00045,0.000439,0.000428,0.000417,0.000407,0.000396
1e-006,6.6e-005,0.00013,0.000193,0.000255,0.000317,0.000376,0.000434,0.00049,0.000544,0.000595,0.000644,0.00069,0.000733,0.000773,0.000811,0.000845,0.000876,0.000905,0.00093,0.000952,0.000972,0.000989,0.001003,0.001014,0.001023,0.00103,0.001034,0.001037,0.001037,0.001036,0.001033,0.001028,0.001022,0.001015,0.001006,0.000996,0.000986,0.000974,0.000962,0.000949,0.000935,0.000921,0.000906,0.000891,0.000876,0.00086,0.000844,0.000828,0.000812,0.000796,0.00078,0.000764,0.000748,0.000732,0.000716,0.0007,0.000684,0.000669,0.000654,0.000639,0.000624,0.000609,0.000595,0.000581,0.000567,0.000554,0.00054,0.000527,0.000514,0.000502,0.00049,0.000478,0.000466,0.000454,0.000443,0.000432,0.000422,0.000411,0.000401,0.000391
1e-006,6.1e-005,0.000121,0.00018,0.000238,0.000295,0.000351,0.000405,0.000458,0.000508,0.000556,0.000602,0.000646,0.000687,0.000725,0.00076,0.000793,0.000823,0.000851,0.000875,0.000897,0.000917,0.000933,0.000948,0.000959,0.000969,0.000976,0.000982,0.000985,0.000986,0.000986,0.000984,0.000981,0.000976,0.00097,0.000962,0.000954,0.000945,0.000934,0.000923,0.000912,0.000899,0.000886,0.000873,0.000859,0.000845,0.000831,0.000816,0.000801,0.000786,0.000771,0.000756,0.000741,0.000726,0.000711,0.000696,0.000681,0.000667,0.000652,0.000638,0.000623,0.000609,0.000595,0.000582,0.000568,0.000555,0.000542,0.000529,0.000517,0.000504,0.000492,0.000481,0.000469,0.000458,0.000447,0.000436,0.000425,0.000415,0.000405,0.000395,0.000385
1e-006,5.7e-005,0.000113,0.000168,0.000222,0.000276,0.000328,0.000379,0.000428,0.000475,0.000521,0.000564,0.000605,0.000644,0.00068,0.000714,0.000746,0.000774,0.000801,0.000825,0.000846,0.000865,0.000882,0.000896,0.000908,0.000918,0.000926,0.000932,0.000936,0.000938,0.000939,0.000938,0.000935,0.000932,0.000927,0.000921,0.000913,0.000905,0.000896,0.000886,0.000876,0.000865,0.000853,0.000841,0.000828,0.000816,0.000802,0.000789,0.000775,0.000761,0.000747,0.000733,0.000719,0.000705,0.000691,0.000677,0.000663,0.000649,0.000635,0.000621,0.000608,0.000595,0.000581,0.000568,0.000556,0.000543,0.000531,0.000518,0.000506,0.000495,0.000483,0.000472,0.000461,0.00045,0.000439,0.000429,0.000418,0.000408,0.000399,0.000389,0.00038
1e-006,5.3e-005,0.000105,0.000157,0.000208,0.000258,0.000307,0.000354,0.000401,0.000445,0.000488,0.000529,0.000568,0.000604,0.000639,0.000671,0.000701,0.000729,0.000754,0.000778,0.000798,0.000817,0.000833,0.000848,0.00086,0.00087,0.000878,0.000885,0.000889,0.000892,0.000894,0.000894,0.000892,0.00089,0.000886,0.000881,0.000875,0.000868,0.00086,0.000851,0.000842,0.000832,0.000821,0.00081,0.000799,0.000787,0.000775,0.000762,0.00075,0.000737,0.000724,0.000711,0.000698,0.000684,0.000671,0.000658,0.000645,0.000632,0.000619,0.000606,0.000593,0.00058,0.000568,0.000555,0.000543,0.000531,0.000519,0.000508,0.000496,0.000485,0.000474,0.000463,0.000452,0.000442,0.000431,0.000421,0.000412,0.000402,0.000392,0.000383,0.000374
1e-006,5e-005,9.9e-005,0.000147,0.000194,0.000241,0.000287,0.000332,0.000375,0.000417,0.000458,0.000496,0.000533,0.000568,0.000601,0.000631,0.00066,0.000687,0.000711,0.000734,0.000754,0.000772,0.000788,0.000803,0.000815,0.000825,0.000834,0.000841,0.000846,0.00085,0.000852,0.000852,0.000852,0.00085,0.000847,0.000843,0.000838,0.000832,0.000825,0.000817,0.000809,0.0008,0.000791,0.000781,0.00077,0.000759,0.000748,0.000737,0.000725,0.000713,0.000701,0.000689,0.000677,0.000664,0.000652,0.00064,0.000627,0.000615,0.000602,0.00059,0.000578,0.000566,0.000554,0.000542,0.000531,0.000519,0.000508,0.000497,0.000486,0.000475,0.000464,0.000454,0.000444,0.000434,0.000424,0.000414,0.000405,0.000395,0.000386,0.000377,0.000369
1e-006,4.7e-005,9.2e-005,0.000138,0.000182,0.000226,0.000269,0.000311,0.000352,0.000392,0.00043,0.000466,0.000501,0.000534,0.000565,0.000595,0.000622,0.000648,0.000671,0.000693,0.000713,0.00073,0.000746,0.00076,0.000773,0.000783,0.000792,0.000799,0.000805,0.000809,0.000812,0.000813,0.000813,0.000812,0.00081,0.000807,0.000803,0.000797,0.000792,0.000785,0.000778,0.00077,0.000761,0.000752,0.000743,0.000733,0.000723,0.000712,0.000701,0.00069,0.000679,0.000668,0.000656,0.000645,0.000633,0.000621,0.00061,0.000598,0.000587,0.000575,0.000564,0.000552,0.000541,0.00053,0.000519,0.000508,0.000497,0.000486,0.000476,0.000465,0.000455,0.000445,0.000435,0.000426,0.000416,0.000407,0.000398,0.000389,0.00038,0.000371,0.000363
1e-006,4.4e-005,8.7e-005,0.000129,0.000171,0.000212,0.000253,0.000292,0.000331,0.000368,0.000404,0.000438,0.000471,0.000503,0.000533,0.000561,0.000587,0.000611,0.000634,0.000655,0.000674,0.000691,0.000707,0.000721,0.000733,0.000744,0.000753,0.00076,0.000766,0.000771,0.000774,0.000776,0.000777,0.000776,0.000775,0.000772,0.000769,0.000765,0.00076,0.000754,0.000748,0.00074,0.000733,0.000725,0.000716,0.000707,0.000698,0.000688,0.000678,0.000668,0.000658,0.000647,0.000636,0.000626,0.000615,0.000604,0.000593,0.000582,0.000571,0.00056,0.000549,0.000539,0.000528,0.000517,0.000507,0.000496,0.000486,0.000476,0.000466,0.000456,0.000446,0.000437,0.000427,0.000418,0.000409,0.0004,0.000391,0.000382,0.000374,0.000365,0.000357
1e-006,4.1e-005,8.1e-005,0.000121,0.000161,0.000199,0.000237,0.000275,0.000311,0.000346,0.00038,0.000413,0.000444,0.000474,0.000502,0.000529,0.000554,0.000577,0.000599,0.000619,0.000638,0.000655,0.00067,0.000684,0.000696,0.000706,0.000716,0.000723,0.000729,0.000734,0.000738,0.000741,0.000742,0.000742,0.000741,0.00074,0.000737,0.000734,0.000729,0.000724,0.000719,0.000712,0.000706,0.000698,0.000691,0.000682,0.000674,0.000665,0.000656,0.000646,0.000637,0.000627,0.000617,0.000607,0.000597,0.000587,0.000576,0.000566,0.000556,0.000546,0.000535,0.000525,0.000515,0.000505,0.000495,0.000485,0.000475,0.000465,0.000456,0.000446,0.000437,0.000428,0.000419,0.00041,0.000401,0.000392,0.000384,0.000376,0.000367,0.000359,0.000351
1e-006,3.9e-005,7.6e-005,0.000114,0.000151,0.000188,0.000223,0.000258,0.000293,0.000326,0.000358,0.000389,0.000419,0.000447,0.000474,0.000499,0.000523,0.000546,0.000567,0.000586,0.000604,0.000621,0.000636,0.000649,0.000661,0.000672,0.000681,0.000688,0.000695,0.0007,0.000704,0.000707,0.000709,0.00071,0.00071,0.000708,0.000706,0.000704,0.0007,0.000696,0.000691,0.000686,0.000679,0.000673,0.000666,0.000659,0.000651,0.000643,0.000634,0.000626,0.000617,0.000608,0.000598,0.000589,0.00058,0.00057,0.00056,0.000551,0.000541,0.000531,0.000522,0.000512,0.000502,0.000493,0.000483,0.000474,0.000464,0.000455,0.000446,0.000437,0.000428,0.000419,0.000411,0.000402,0.000394,0.000385,0.000377,0.000369,0.000361,0.000353,0.000346
1e-006,3.6e-005,7.2e-005,0.000107,0.000142,0.000177,0.00021,0.000243,0.000276,0.000307,0.000337,0.000367,0.000395,0.000422,0.000447,0.000472,0.000495,0.000516,0.000537,0.000555,0.000573,0.000589,0.000603,0.000616,0.000628,0.000639,0.000648,0.000656,0.000662,0.000668,0.000672,0.000676,0.000678,0.000679,0.000679,0.000679,0.000677,0.000675,0.000672,0.000669,0.000665,0.00066,0.000654,0.000649,0.000642,0.000636,0.000628,0.000621,0.000613,0.000605,0.000597,0.000589,0.00058,0.000571,0.000563,0.000554,0.000545,0.000536,0.000526,0.000517,0.000508,0.000499,0.00049,0.000481,0.000472,0.000463,0.000454,0.000445,0.000436,0.000428,0.000419,0.000411,0.000402,0.000394,0.000386,0.000378,0.00037,0.000363,0.000355,0.000347,0.00034
1e-006,3.4e-005,6.8e-005,0.000101,0.000134,0.000166,0.000198,0.00023,0.00026,0.00029,0.000318,0.000346,0.000373,0.000399,0.000423,0.000446,0.000468,0.000489,0.000508,0.000526,0.000543,0.000559,0.000573,0.000586,0.000597,0.000608,0.000617,0.000625,0.000632,0.000637,0.000642,0.000646,0.000648,0.00065,0.000651,0.000651,0.00065,0.000648,0.000646,0.000643,0.000639,0.000635,0.00063,0.000625,0.000619,0.000613,0.000607,0.0006,0.000593,0.000586,0.000578,0.00057,0.000563,0.000554,0.000546,0.000538,0.000529,0.000521,0.000512,0.000504,0.000495,0.000486,0.000478,0.000469,0.000461,0.000452,0.000444,0.000435,0.000427,0.000419,0.00041,0.000402,0.000394,0.000386,0.000379,0.000371,0.000363,0.000356,0.000349,0.000341,0.000334
1e-006,3.2e-005,6.4e-005,9.5e-005,0.000126,0.000157,0.000187,0.000217,0.000245,0.000274,0.000301,0.000327,0.000353,0.000377,0.0004,0.000422,0.000443,0.000463,0.000482,0.000499,0.000516,0.000531,0.000544,0.000557,0.000568,0.000579,0.000588,0.000596,0.000603,0.000608,0.000613,0.000617,0.00062,0.000622,0.000623,0.000624,0.000623,0.000622,0.00062,0.000618,0.000615,0.000611,0.000607,0.000603,0.000597,0.000592,0.000586,0.00058,0.000574,0.000567,0.00056,0.000553,0.000545,0.000538,0.00053,0.000522,0.000514,0.000506,0.000498,0.00049,0.000482,0.000474,0.000466,0.000458,0.00045,0.000441,0.000433,0.000425,0.000417,0.00041,0.000402,0.000394,0.000386,0.000379,0.000371,0.000364,0.000357,0.00035,0.000343,0.000336,0.000329
1e-006,3e-005,6e-005,9e-005,0.000119,0.000148,0.000177,0.000205,0.000232,0.000258,0.000284,0.000309,0.000334,0.000357,0.000379,0.0004,0.00042,0.000439,0.000457,0.000474,0.00049,0.000504,0.000518,0.00053,0.000541,0.000551,0.00056,0.000568,0.000575,0.000581,0.000586,0.00059,0.000593,0.000596,0.000597,0.000598,0.000598,0.000597,0.000596,0.000594,0.000592,0.000588,0.000585,0.000581,0.000576,0.000571,0.000566,0.000561,0.000555,0.000549,0.000542,0.000536,0.000529,0.000522,0.000515,0.000507,0.0005,0.000492,0.000485,0.000477,0.000469,0.000462,0.000454,0.000446,0.000439,0.000431,0.000423,0.000416,0.000408,0.000401,0.000393,0.000386,0.000378,0.000371,0.000364,0.000357,0.00035,0.000343,0.000336,0.00033,0.000323
1e-006,2.9e-005,5.7e-005,8.5e-005,0.000113,0.00014,0.000167,0.000193,0.000219,0.000244,0.000269,0.000293,0.000316,0.000338,0.000359,0.000379,0.000398,0.000417,0.000434,0.00045,0.000465,0.000479,0.000492,0.000504,0.000515,0.000525,0.000534,0.000542,0.000549,0.000555,0.00056,0.000565,0.000568,0.000571,0.000572,0.000574,0.000574,0.000574,0.000573,0.000571,0.000569,0.000567,0.000564,0.00056,0.000556,0.000552,0.000547,0.000542,0.000537,0.000531,0.000525,0.000519,0.000513,0.000506,0.000499,0.000493,0.000486,0.000479,0.000472,0.000464,0.000457,0.00045,0.000443,0.000435,0.000428,0.000421,0.000413,0.000406,0.000399,0.000392,0.000385,0.000378,0.000371,0.000364,0.000357,0.00035,0.000343,0.000337,0.00033,0.000324,0.000318
1e-006,2.7e-005,5.4e-005,8e-005,0.000106,0.000132,0.000158,0.000183,0.000207,0.000231,0.000255,0.000277,0.000299,0.00032,0.00034,0.00036,0.000378,0.000396,0.000412,0.000428,0.000442,0.000456,0.000469,0.00048,0.000491,0.000501,0.00051,0.000518,0.000525,0.000531,0.000536,0.00054,0.000544,0.000547,0.000549,0.00055,0.000551,0.000551,0.000551,0.00055,0.000548,0.000546,0.000543,0.00054,0.000537,0.000533,0.000528,0.000524,0.000519,0.000514,0.000508,0.000503,0.000497,0.000491,0.000485,0.000478,0.000472,0.000465,0.000459,0.000452,0.000445,0.000438,0.000431,0.000425,0.000418,0.000411,0.000404,0.000397,0.00039,0.000383,0.000376,0.00037,0.000363,0.000356,0.00035,0.000343,0.000337,0.000331,0.000324,0.000318,0.000312
1e-006,2.6e-005,5.1e-005,7.6e-005,0.000101,0.000125,0.000149,0.000173,0.000197,0.000219,0.000241,0.000263,0.000284,0.000304,0.000323,0.000342,0.000359,0.000376,0.000392,0.000407,0.000421,0.000434,0.000446,0.000458,0.000468,0.000478,0.000487,0.000494,0.000501,0.000507,0.000513,0.000517,0.000521,0.000524,0.000526,0.000528,0.000529,0.00053,0.000529,0.000529,0.000527,0.000526,0.000523,0.000521,0.000518,0.000514,0.000511,0.000506,0.000502,0.000497,0.000492,0.000487,0.000482,0.000476,0.00047,0.000465,0.000459,0.000452,0.000446,0.00044,0.000433,0.000427,0.00042,0.000414,0.000407,0.000401,0.000394,0.000388,0.000381,0.000375,0.000368,0.000362,0.000355,0.000349,0.000343,0.000337,0.00033,0.000324,0.000318,0.000312,0.000306
0,2.4e-005,4.8e-005,7.2e-005,9.5e-005,0.000119,0.000142,0.000164,0.000186,0.000208,0.000229,0.000249,0.000269,0.000288,0.000307,0.000324,0.000341,0.000357,0.000373,0.000387,0.000401,0.000414,0.000425,0.000436,0.000447,0.000456,0.000465,0.000472,0.000479,0.000485,0.000491,0.000495,0.000499,0.000503,0.000505,0.000507,0.000508,0.000509,0.000509,0.000509,0.000508,0.000506,0.000505,0.000502,0.0005,0.000497,0.000493,0.00049,0.000486,0.000481,0.000477,0.000472,0.000467,0.000462,0.000457,0.000451,0.000445,0.00044,0.000434,0.000428,0.000422,0.000416,0.00041,0.000404,0.000397,0.000391,0.000385,0.000379,0.000373,0.000366,0.00036,0.000354,0.000348,0.000342,0.000336,0.00033,0.000324,0.000318,0.000312,0.000307,0.000301
0,2.3e-005,4.6e-005,6.8e-005,9.1e-005,0.000113,0.000134,0.000156,0.000177,0.000197,0.000217,0.000237,0.000256,0.000274,0.000291,0.000308,0.000325,0.00034,0.000355,0.000369,0.000382,0.000394,0.000406,0.000416,0.000426,0.000436,0.000444,0.000452,0.000458,0.000465,0.00047,0.000475,0.000479,0.000482,0.000485,0.000487,0.000488,0.000489,0.00049,0.00049,0.000489,0.000488,0.000486,0.000485,0.000482,0.00048,0.000477,0.000473,0.00047,0.000466,0.000462,0.000457,0.000453,0.000448,0.000443,0.000438,0.000433,0.000427,0.000422,0.000416,0.000411,0.000405,0.000399,0.000393,0.000388,0.000382,0.000376,0.00037,0.000364,0.000358,0.000352,0.000346,0.000341,0.000335,0.000329,0.000323,0.000318,0.000312,0.000306,0.000301,0.000295
0,2.2e-005,4.3e-005,6.5e-005,8.6e-005,0.000107,0.000127,0.000148,0.000168,0.000187,0.000206,0.000225,0.000243,0.00026,0.000277,0.000293,0.000309,0.000324,0.000338,0.000351,0.000364,0.000376,0.000387,0.000397,0.000407,0.000416,0.000424,0.000432,0.000439,0.000445,0.00045,0.000455,0.000459,0.000462,0.000465,0.000468,0.000469,0.000471,0.000471,0.000471,0.000471,0.00047,0.000469,0.000468,0.000466,0.000463,0.000461,0.000458,0.000454,0.000451,0.000447,0.000443,0.000439,0.000435,0.00043,0.000425,0.00042,0.000415,0.00041,0.000405,0.0004,0.000395,0.000389,0.000384,0.000378,0.000372,0.000367,0.000361,0.000356,0.00035,0.000344,0.000339,0.000333,0.000328,0.000322,0.000317,0.000311,0.000306,0.000301,0.000295,0.00029
0,2.1e-005,4.1e-005,6.1e-005,8.2e-005,0.000101,0.000121,0.00014,0.000159,0.000178,0.000196,0.000214,0.000231,0.000248,0.000264,0.000279,0.000294,0.000308,0.000322,0.000335,0.000347,0.000359,0.000369,0.00038,0.000389,0.000398,0.000406,0.000413,0.00042,0.000426,0.000431,0.000436,0.00044,0.000444,0.000447,0.000449,0.000451,0.000453,0.000453,0.000454,0.000454,0.000453,0.000452,0.000451,0.00045,0.000448,0.000445,0.000443,0.00044,0.000437,0.000433,0.00043,0.000426,0.000422,0.000417,0.000413,0.000409,0.000404,0.000399,0.000394,0.000389,0.000384,0.000379,0.000374,0.000369,0.000363,0.000358,0.000353,0.000348,0.000342,0.000337,0.000332,0.000326,0.000321,0.000316,0.00031,0.000305,0.0003,0.000295,0.00029,0.000285
0,2e-005,3.9e-005,5.8e-005,7.7e-005,9.6e-005,0.000115,0.000133,0.000152,0.000169,0.000187,0.000203,0.00022,0.000236,0.000251,0.000266,0.00028,0.000294,0.000307,0.000319,0.000331,0.000342,0.000353,0.000363,0.000372,0.00038,0.000388,0.000395,0.000402,0.000408,0.000413,0.000418,0.000422,0.000426,0.000429,0.000432,0.000434,0.000435,0.000436,0.000437,0.000437,0.000437,0.000436,0.000435,0.000434,0.000432,0.00043,0.000428,0.000426,0.000423,0.00042,0.000416,0.000413,0.000409,0.000405,0.000401,0.000397,0.000393,0.000388,0.000384,0.000379,0.000374,0.000369,0.000364,0.00036,0.000355,0.00035,0.000345,0.000339,0.000334,0.000329,0.000324,0.000319,0.000314,0.000309,0.000304,0.000299,0.000294,0.000289,0.000284,0.000279
0,1.9e-005,3.7e-005,5.5e-005,7.4e-005,9.2e-005,0.000109,0.000127,0.000144,0.000161,0.000178,0.000194,0.000209,0.000225,0.000239,0.000253,0.000267,0.00028,0.000293,0.000305,0.000316,0.000327,0.000337,0.000347,0.000356,0.000364,0.000372,0.000379,0.000385,0.000391,0.000396,0.000401,0.000406,0.000409,0.000412,0.000415,0.000417,0.000419,0.00042,0.000421,0.000421,0.000421,0.000421,0.00042,0.000419,0.000418,0.000416,0.000414,0.000412,0.000409,0.000406,0.000403,0.0004,0.000397,0.000393,0.00039,0.000386,0.000382,0.000377,0.000373,0.000369,0.000364,0.00036,0.000355,0.000351,0.000346,0.000341,0.000336,0.000332,0.000327,0.000322,0.000317,0.000312,0.000307,0.000303,0.000298,0.000293,0.000288,0.000284,0.000279,0.000274
0,1.8e-005,3.5e-005,5.3e-005,7e-005,8.7e-005,0.000104,0.000121,0.000137,0.000153,0.000169,0.000184,0.000199,0.000214,0.000228,0.000242,0.000255,0.000267,0.000279,0.000291,0.000302,0.000312,0.000322,0.000331,0.00034,0.000348,0.000356,0.000363,0.000369,0.000375,0.00038,0.000385,0.000389,0.000393,0.000396,0.000399,0.000401,0.000403,0.000405,0.000406,0.000406,0.000406,0.000406,0.000406,0.000405,0.000404,0.000402,0.000401,0.000399,0.000396,0.000394,0.000391,0.000388,0.000385,0.000382,0.000378,0.000375,0.000371,0.000367,0.000363,0.000359,0.000355,0.000351,0.000346,0.000342,0.000337,0.000333,0.000328,0.000324,0.000319,0.000315,0.00031,0.000306,0.000301,0.000296,0.000292,0.000287,0.000283,0.000278,0.000274,0.000269
0,1.7e-005,3.4e-005,5e-005,6.7e-005,8.3e-005,9.9e-005,0.000115,0.000131,0.000146,0.000161,0.000176,0.00019,0.000204,0.000218,0.000231,0.000243,0.000255,0.000267,0.000278,0.000289,0.000299,0.000308,0.000317,0.000326,0.000333,0.000341,0.000348,0.000354,0.00036,0.000365,0.00037,0.000374,0.000378,0.000381,0.000384,0.000386,0.000388,0.00039,0.000391,0.000392,0.000392,0.000392,0.000392,0.000391,0.00039,0.000389,0.000388,0.000386,0.000384,0.000382,0.000379,0.000376,0.000374,0.000371,0.000367,0.000364,0.000361,0.000357,0.000353,0.000349,0.000346,0.000342,0.000337,0.000333,0.000329,0.000325,0.000321,0.000316,0.000312,0.000308,0.000303,0.000299,0.000294,0.00029,0.000286,0.000281,0.000277,0.000273,0.000268,0.000264
0,1.6e-005,3.2e-005,4.8e-005,6.4e-005,7.9e-005,9.4e-005,0.00011,0.000125,0.000139,0.000154,0.000168,0.000181,0.000195,0.000208,0.00022,0.000232,0.000244,0.000255,0.000266,0.000276,0.000286,0.000295,0.000304,0.000312,0.000319,0.000327,0.000333,0.00034,0.000345,0.00035,0.000355,0.000359,0.000363,0.000367,0.000369,0.000372,0.000374,0.000376,0.000377,0.000378,0.000378,0.000379,0.000378,0.000378,0.000377,0.000376,0.000375,0.000373,0.000372,0.00037,0.000367,0.000365,0.000362,0.00036,0.000357,0.000354,0.00035,0.000347,0.000344,0.00034,0.000336,0.000333,0.000329,0.000325,0.000321,0.000317,0.000313,0.000309,0.000305,0.000301,0.000296,0.000292,0.000288,0.000284,0.00028,0.000276,0.000271,0.000267,0.000263,0.000259
0,1.5e-005,3.1e-005,4.6e-005,6.1e-005,7.5e-005,9e-005,0.000105,0.000119,0.000133,0.000147,0.00016,0.000173,0.000186,0.000198,0.00021,0.000222,0.000233,0.000244,0.000254,0.000264,0.000273,0.000282,0.000291,0.000299,0.000306,0.000313,0.00032,0.000326,0.000331,0.000337,0.000341,0.000345,0.000349,0.000353,0.000356,0.000358,0.00036,0.000362,0.000363,0.000364,0.000365,0.000366,0.000366,0.000365,0.000365,0.000364,0.000363,0.000362,0.00036,0.000358,0.000356,0.000354,0.000352,0.000349,0.000347,0.000344,0.000341,0.000338,0.000334,0.000331,0.000328,0.000324,0.000321,0.000317,0.000313,0.000309,0.000306,0.000302,0.000298,0.000294,0.00029,0.000286,0.000282,0.000278,0.000274,0.00027,0.000266,0.000262,0.000258,0.000254
0,1.5e-005,2.9e-005,4.4e-005,5.8e-005,7.2e-005,8.6e-005,0.0001,0.000113,0.000127,0.00014,0.000153,0.000165,0.000178,0.000189,0.000201,0.000212,0.000223,0.000233,0.000243,0.000253,0.000262,0.00027,0.000278,0.000286,0.000294,0.0003,0.000307,0.000313,0.000318,0.000323,0.000328,0.000332,0.000336,0.000339,0.000342,0.000345,0.000347,0.000349,0.00035,0.000352,0.000352,0.000353,0.000353,0.000353,0.000353,0.000352,0.000351,0.00035,0.000349,0.000347,0.000345,0.000344,0.000341,0.000339,0.000337,0.000334,0.000331,0.000328,0.000325,0.000322,0.000319,0.000316,0.000312,0.000309,0.000305,0.000302,0.000298,0.000295,0.000291,0.000287,0.000283,0.00028,0.000276,0.000272,0.000268,0.000264,0.000261,0.000257,0.000253,0.000249
0,1.4e-005,2.8e-005,4.2e-005,5.5e-005,6.9e-005,8.2e-005,9.5e-005,0.000108,0.000121,0.000134,0.000146,0.000158,0.00017,0.000181,0.000192,0.000203,0.000213,0.000223,0.000233,0.000242,0.000251,0.000259,0.000267,0.000274,0.000282,0.000288,0.000294,0.0003,0.000306,0.000311,0.000315,0.000319,0.000323,0.000327,0.00033,0.000332,0.000335,0.000336,0.000338,0.000339,0.00034,0.000341,0.000341,0.000341,0.000341,0.000341,0.00034,0.000339,0.000338,0.000337,0.000335,0.000333,0.000331,0.000329,0.000327,0.000325,0.000322,0.000319,0.000317,0.000314,0.000311,0.000308,0.000304,0.000301,0.000298,0.000295,0.000291,0.000288,0.000284,0.000281,0.000277,0.000273,0.00027,0.000266,0.000263,0.000259,0.000255,0.000252,0.000248,0.000244
0,1.3e-005,2.7e-005,4e-005,5.3e-005,6.6e-005,7.8e-005,9.1e-005,0.000103,0.000116,0.000128,0.00014,0.000151,0.000162,0.000173,0.000184,0.000194,0.000204,0.000214,0.000223,0.000232,0.00024,0.000248,0.000256,0.000263,0.00027,0.000277,0.000283,0.000288,0.000294,0.000299,0.000303,0.000307,0.000311,0.000314,0.000318,0.00032,0.000323,0.000325,0.000326,0.000328,0.000329,0.000329,0.00033,0.00033,0.00033,0.00033,0.000329,0.000328,0.000327,0.000326,0.000325,0.000323,0.000322,0.00032,0.000318,0.000315,0.000313,0.000311,0.000308,0.000305,0.000303,0.0003,0.000297,0.000294,0.000291,0.000287,0.000284,0.000281,0.000278,0.000274,0.000271,0.000267,0.000264,0.000261,0.000257,0.000254,0.00025,0.000247,0.000243,0.00024
0,1.3e-005,2.5e-005,3.8e-005,5e-005,6.3e-005,7.5e-005,8.7e-005,9.9e-005,0.000111,0.000122,0.000133,0.000144,0.000155,0.000166,0.000176,0.000186,0.000195,0.000205,0.000214,0.000222,0.00023,0.000238,0.000246,0.000253,0.000259,0.000266,0.000272,0.000277,0.000282,0.000287,0.000292,0.000296,0.000299,0.000303,0.000306,0.000309,0.000311,0.000313,0.000315,0.000316,0.000317,0.000318,0.000319,0.000319,0.000319,0.000319,0.000319,0.000318,0.000317,0.000316,0.000315,0.000314,0.000312,0.00031,0.000309,0.000307,0.000304,0.000302,0.0003,0.000297,0.000295,0.000292,0.000289,0.000286,0.000283,0.00028,0.000277,0.000274,0.000271,0.000268,0.000265,0.000261,0.000258,0.000255,0.000252,0.000248,0.000245,0.000242,0.000238,0.000235
0,1.2e-005,2.4e-005,3.6e-005,4.8e-005,6e-005,7.2e-005,8.3e-005,9.5e-005,0.000106,0.000117,0.000128,0.000138,0.000149,0.000159,0.000168,0.000178,0.000187,0.000196,0.000205,0.000213,0.000221,0.000228,0.000236,0.000243,0.000249,0.000255,0.000261,0.000266,0.000272,0.000276,0.000281,0.000285,0.000288,0.000292,0.000295,0.000298,0.0003,0.000302,0.000304,0.000305,0.000307,0.000308,0.000308,0.000309,0.000309,0.000309,0.000309,0.000308,0.000308,0.000307,0.000306,0.000304,0.000303,0.000301,0.0003,0.000298,0.000296,0.000294,0.000292,0.000289,0.000287,0.000284,0.000282,0.000279,0.000276,0.000274,0.000271,0.000268,0.000265,0.000262,0.000259,0.000256,0.000253,0.000249,0.000246,0.000243,0.00024,0.000237,0.000234,0.00023
0,1.2e-005,2.3e-005,3.5e-005,4.6e-005,5.7e-005,6.9e-005,8e-005,9.1e-005,0.000101,0.000112,0.000122,0.000132,0.000142,0.000152,0.000161,0.000171,0.000179,0.000188,0.000196,0.000204,0.000212,0.000219,0.000226,0.000233,0.000239,0.000245,0.000251,0.000256,0.000261,0.000266,0.00027,0.000274,0.000278,0.000281,0.000284,0.000287,0.000289,0.000292,0.000293,0.000295,0.000296,0.000297,0.000298,0.000299,0.000299,0.000299,0.000299,0.000299,0.000298,0.000297,0.000297,0.000295,0.000294,0.000293,0.000291,0.00029,0.000288,0.000286,0.000284,0.000282,0.000279,0.000277,0.000275,0.000272,0.00027,0.000267,0.000264,0.000261,0.000259,0.000256,0.000253,0.00025,0.000247,0.000244,0.000241,0.000238,0.000235,0.000232,0.000229,0.000226
