<?xml version="1.0" encoding="UTF-8"?>
<!DOCTYPE element SYSTEM "elements.dtd">
<element series="non-metal">
   <name>Boron</name>
   <symbol>B</symbol>
   <atomic-number>5</atomic-number>
   <mass-number>11</mass-number>
   <electronegativity>2.04</electronegativity>
   <covalent-radius>0.88</covalent-radius>
   <atomic-radius>1.17</atomic-radius>
   <melting-point>2300.0</melting-point>
   <boiling-point>4275.0</boiling-point>
   <density>2.34</density>
   <specific-heat>1.02</specific-heat>
   <electrical-conductivity>1.0e-6</electrical-conductivity>
   <thermal-conductivity>0.270</thermal-conductivity>
   <isotopes>
      <isotope><mass-number>10</mass-number><abundance>19.9</abundance></isotope>
      <isotope><mass-number>11</mass-number><abundance>80.1</abundance></isotope>
   </isotopes>
</element>
