<?xml version="1.0" encoding="UTF-8"?>
<!DOCTYPE element SYSTEM "elements.dtd">
<element series="transition-metal">
   <name>Cadmium</name>
   <symbol>Cd</symbol>
   <atomic-number>48</atomic-number>
   <mass-number>112</mass-number>
   <electronegativity>1.69</electronegativity>
   <covalent-radius>1.41</covalent-radius>
   <atomic-radius>1.71</atomic-radius>
   <melting-point>564.18</melting-point>
   <boiling-point>1040</boiling-point>
   <density>8.65</density>
   <specific-heat>0.23</specific-heat>
   <electrical-conductivity>0.138e6</electrical-conductivity>
   <thermal-conductivity>0.968</thermal-conductivity>
</element>
