<?xml version="1.0" encoding="UTF-8"?>
<!DOCTYPE element SYSTEM "elements.dtd">
<element series="transition-metal">
   <name>Chromium</name>
   <symbol>Cr</symbol>
   <atomic-number>24</atomic-number>
   <mass-number>52</mass-number>
   <electronegativity>1.66</electronegativity>
   <covalent-radius>1.17</covalent-radius>
   <atomic-radius>1.85</atomic-radius>
   <melting-point>2130.0</melting-point>
   <boiling-point>2945</boiling-point>
   <density>7.19</density>
   <specific-heat>0.45</specific-heat>
   <electrical-conductivity>0.0774e6</electrical-conductivity>
   <thermal-conductivity>0.937</thermal-conductivity>
</element>
