<?xml version="1.0" encoding="UTF-8"?>
<!DOCTYPE element SYSTEM "elements.dtd">
<element series="transition-metal">
   <name>Cobalt</name>
   <symbol>Co</symbol>
   <atomic-number>27</atomic-number>
   <mass-number>59</mass-number>
   <electronegativity>1.88</electronegativity>
   <covalent-radius>1.16</covalent-radius>
   <atomic-radius>1.67</atomic-radius>
   <melting-point>1768.0</melting-point>
   <boiling-point>3201.0</boiling-point>
   <density>8.9</density>
   <specific-heat>0.42</specific-heat>
   <electrical-conductivity>0.172e6</electrical-conductivity>
   <thermal-conductivity>1.0</thermal-conductivity>
</element>
