<?xml version="1.0" encoding="UTF-8"?>
<!DOCTYPE element SYSTEM "elements.dtd">
<element series="transition-metal">
   <name>Copper</name>
   <symbol>Cu</symbol>
   <atomic-number>29</atomic-number>
   <mass-number>63</mass-number>
   <electronegativity>1.90</electronegativity>
   <covalent-radius>1.17</covalent-radius>
   <atomic-radius>1.57</atomic-radius>
   <melting-point>1357.6</melting-point>
   <boiling-point>2836.0</boiling-point>
   <density>8.96</density>
   <specific-heat>0.38</specific-heat>
   <electrical-conductivity>0.596e6</electrical-conductivity>
   <thermal-conductivity>4.01</thermal-conductivity>
</element>
