<?xml version="1.0" encoding="UTF-8"?>
<!DOCTYPE element SYSTEM "elements.dtd">
<element series="transition-metal">
   <name>Hafnium</name>
   <symbol>Hf</symbol>
   <atomic-number>72</atomic-number>
   <mass-number>178</mass-number>
   <electronegativity>1.3</electronegativity>
   <covalent-radius>1.44</covalent-radius>
   <atomic-radius>2.16</atomic-radius>
   <melting-point>2500.0</melting-point>
   <boiling-point>4876.0</boiling-point>
   <density>13.2</density>
   <electrical-conductivity>0.0312e6</electrical-conductivity>
   <thermal-conductivity>0.230</thermal-conductivity>
</element>
