<?xml version="1.0" encoding="UTF-8"?>
<!-- Auto-generated by XmlDoc -->
<periodic-table xmlns:xlink="http://www.w3.org/1999/xlink">
   <element name="Actinium" symbol="Ac" xlink:href="actinium.xml"/>
   <element name="Aluminium" symbol="Al" xlink:href="aluminium.xml"/>
   <element name="Americium" symbol="Am" xlink:href="americium.xml"/>
   <element name="Antimony" symbol="Sb" xlink:href="antimony.xml"/>
   <element name="Argon" symbol="Ar" xlink:href="argon.xml"/>
   <element name="Arsenic" symbol="As" xlink:href="arsenic.xml"/>
   <element name="Astatine" symbol="At" xlink:href="astatine.xml"/>
   <element name="Barium" symbol="Ba" xlink:href="barium.xml"/>
   <element name="Berkelium" symbol="Bk" xlink:href="berkelium.xml"/>
   <element name="Beryllium" symbol="Be" xlink:href="beryllium.xml"/>
   <element name="Bismuth" symbol="Bi" xlink:href="bismuth.xml"/>
   <element name="Boron" symbol="B" xlink:href="boron.xml"/>
   <element name="Bromine" symbol="Br" xlink:href="bromine.xml"/>
   <element name="Cadmium" symbol="Cd" xlink:href="cadmium.xml"/>
   <element name="Caesium" symbol="Cs" xlink:href="caesium.xml"/>
   <element name="Calcium" symbol="Ca" xlink:href="calcium.xml"/>
   <element name="Californium" symbol="Cf" xlink:href="californium.xml"/>
   <element name="Carbon" symbol="C" xlink:href="carbon.xml"/>
   <element name="Cerium" symbol="Ce" xlink:href="cerium.xml"/>
   <element name="Chlorine" symbol="Cl" xlink:href="chlorine.xml"/>
   <element name="Chromium" symbol="Cr" xlink:href="chromium.xml"/>
   <element name="Cobalt" symbol="Co" xlink:href="cobalt.xml"/>
   <element name="Copper" symbol="Cu" xlink:href="copper.xml"/>
   <element name="Curium" symbol="Cm" xlink:href="curium.xml"/>
   <element name="Dysprosium" symbol="Dy" xlink:href="dysprosium.xml"/>
   <element name="Einsteinium" symbol="Es" xlink:href="einsteinium.xml"/>
   <element name="Erbium" symbol="Er" xlink:href="erbium.xml"/>
   <element name="Europium" symbol="Eu" xlink:href="europium.xml"/>
   <element name="Fermium" symbol="Fm" xlink:href="fermium.xml"/>
   <element name="Fluorine" symbol="F" xlink:href="fluorine.xml"/>
   <element name="Francium" symbol="Fr" xlink:href="francium.xml"/>
   <element name="Gadolinium" symbol="Gd" xlink:href="gadolinium.xml"/>
   <element name="Gallium" symbol="Ga" xlink:href="gallium.xml"/>
   <element name="Germanium" symbol="Ge" xlink:href="germanium.xml"/>
   <element name="Gold" symbol="Au" xlink:href="gold.xml"/>
   <element name="Hafnium" symbol="Hf" xlink:href="hafnium.xml"/>
   <element name="Helium" symbol="He" xlink:href="helium.xml"/>
   <element name="Holmium" symbol="Ho" xlink:href="holmium.xml"/>
   <element name="Hydrogen" symbol="H" xlink:href="hydrogen.xml"/>
   <element name="Indium" symbol="In" xlink:href="indium.xml"/>
   <element name="Iodine" symbol="I" xlink:href="iodine.xml"/>
   <element name="Iridium" symbol="Ir" xlink:href="iridium.xml"/>
   <element name="Iron" symbol="Fe" xlink:href="iron.xml"/>
   <element name="Krypton" symbol="Kr" xlink:href="krypton.xml"/>
   <element name="Lanthanum" symbol="La" xlink:href="lanthanum.xml"/>
   <element name="Lawrencium" symbol="Lr" xlink:href="lawrencium.xml"/>
   <element name="Lead" symbol="Pb" xlink:href="lead.xml"/>
   <element name="Lithium" symbol="Li" xlink:href="lithium.xml"/>
   <element name="Lutetium" symbol="Lu" xlink:href="lutetium.xml"/>
   <element name="Magnesium" symbol="Mg" xlink:href="magnesium.xml"/>
   <element name="Manganese" symbol="Mn" xlink:href="manganese.xml"/>
   <element name="Mendelevium" symbol="Md" xlink:href="mendelevium.xml"/>
   <element name="Mercury" symbol="Hg" xlink:href="mercury.xml"/>
   <element name="Molybdenum" symbol="Mo" xlink:href="molybdenum.xml"/>
   <element name="Neodymium" symbol="Nd" xlink:href="neodymium.xml"/>
   <element name="Neon" symbol="Ne" xlink:href="neon.xml"/>
   <element name="Neptunium" symbol="Np" xlink:href="neptunium.xml"/>
   <element name="Nickel" symbol="Ni" xlink:href="nickel.xml"/>
   <element name="Niobium" symbol="Nb" xlink:href="niobium.xml"/>
   <element name="Nitrogen" symbol="N" xlink:href="nitrogen.xml"/>
   <element name="Nobelium" symbol="No" xlink:href="nobelium.xml"/>
   <element name="Osmium" symbol="Os" xlink:href="osmium.xml"/>
   <element name="Oxygen" symbol="O" xlink:href="oxygen.xml"/>
   <element name="Palladium" symbol="Pd" xlink:href="palladium.xml"/>
   <element name="Phosphorus" symbol="P" xlink:href="phosphorus.xml"/>
   <element name="Platinum" symbol="Pt" xlink:href="platinum.xml"/>
   <element name="Plutonium" symbol="Pu" xlink:href="plutonium.xml"/>
   <element name="Polonium" symbol="Po" xlink:href="polonium.xml"/>
   <element name="Potassium" symbol="K" xlink:href="potassium.xml"/>
   <element name="Praseodymium" symbol="Pr" xlink:href="praseodymium.xml"/>
   <element name="Promethium" symbol="Pm" xlink:href="promethium.xml"/>
   <element name="Protactinium" symbol="Pa" xlink:href="protactinium.xml"/>
   <element name="Radium" symbol="Ra" xlink:href="radium.xml"/>
   <element name="Radon" symbol="Rn" xlink:href="radon.xml"/>
   <element name="Rhenium" symbol="Re" xlink:href="rhenium.xml"/>
   <element name="Rhodium" symbol="Rh" xlink:href="rhodium.xml"/>
   <element name="Rubidium" symbol="Rb" xlink:href="rubidium.xml"/>
   <element name="Ruthenium" symbol="Ru" xlink:href="ruthenium.xml"/>
   <element name="Samarium" symbol="Sm" xlink:href="samarium.xml"/>
   <element name="Scandium" symbol="Sc" xlink:href="scandium.xml"/>
   <element name="Selenium" symbol="Se" xlink:href="selenium.xml"/>
   <element name="Silicon" symbol="Si" xlink:href="silicon.xml"/>
   <element name="Silver" symbol="Ag" xlink:href="silver.xml"/>
   <element name="Sodium" symbol="Na" xlink:href="sodium.xml"/>
   <element name="Strontium" symbol="Sr" xlink:href="strontium.xml"/>
   <element name="Sulphur" symbol="S" xlink:href="sulphur.xml"/>
   <element name="Tantalum" symbol="Ta" xlink:href="tantalum.xml"/>
   <element name="Technetium" symbol="Tc" xlink:href="technetium.xml"/>
   <element name="Tellurium" symbol="Te" xlink:href="tellurium.xml"/>
   <element name="Terbium" symbol="Tb" xlink:href="terbium.xml"/>
   <element name="Thallium" symbol="Tl" xlink:href="thallium.xml"/>
   <element name="Thorium" symbol="Th" xlink:href="thorium.xml"/>
   <element name="Thulium" symbol="Tm" xlink:href="thulium.xml"/>
   <element name="Tin" symbol="Sn" xlink:href="tin.xml"/>
   <element name="Titanium" symbol="Ti" xlink:href="titanium.xml"/>
   <element name="Tungsten" symbol="W" xlink:href="tungsten.xml"/>
   <element name="Unnilennium" symbol="Une" xlink:href="unnilennium.xml"/>
   <element name="Unnilhexium" symbol="Unh" xlink:href="unnilhexium.xml"/>
   <element name="Unniloctium" symbol="Uno" xlink:href="unniloctium.xml"/>
   <element name="Unnilpentium" symbol="Unp" xlink:href="unnilpentium.xml"/>
   <element name="Unnilquadium" symbol="Unq" xlink:href="unnilquadium.xml"/>
   <element name="Unnilseptium" symbol="Uns" xlink:href="unnilseptium.xml"/>
   <element name="Ununnilium" symbol="Unn" xlink:href="ununnilium.xml"/>
   <element name="Uranium" symbol="U" xlink:href="uranium.xml"/>
   <element name="Vanadium" symbol="V" xlink:href="vanadium.xml"/>
   <element name="Xenon" symbol="Xe" xlink:href="xenon.xml"/>
   <element name="Ytterbium" symbol="Yb" xlink:href="ytterbium.xml"/>
   <element name="Yttrium" symbol="Y" xlink:href="yttrium.xml"/>
   <element name="Zinc" symbol="Zn" xlink:href="zinc.xml"/>
   <element name="Zirconium" symbol="Zr" xlink:href="zirconium.xml"/>
</periodic-table>
