<?xml version="1.0" encoding="UTF-8"?>
<!DOCTYPE element SYSTEM "elements.dtd">
<element series="alkali-earth-metal">
   <name>Magnesium</name>
   <symbol>Mg</symbol>
   <atomic-number>12</atomic-number>
   <mass-number>24</mass-number>
   <electronegativity>1.31</electronegativity>
   <covalent-radius>1.36</covalent-radius>
   <atomic-radius>1.72</atomic-radius>
   <melting-point>922.0</melting-point>
   <boiling-point>1363.0</boiling-point>
   <density>1.738</density>
   <specific-heat>1.02</specific-heat>
   <electrical-conductivity>0.226e6</electrical-conductivity>
   <thermal-conductivity>1.56</thermal-conductivity>
</element>
