<?xml version="1.0" encoding="UTF-8"?>
<!DOCTYPE element SYSTEM "elements.dtd">
<element series="transition-metal">
   <name>Nickel</name>
   <symbol>Ni</symbol>
   <atomic-number>28</atomic-number>
   <mass-number>59</mass-number>
   <electronegativity>1.91</electronegativity>
   <covalent-radius>1.15</covalent-radius>
   <atomic-radius>1.62</atomic-radius>
   <melting-point>1726.0</melting-point>
   <boiling-point>3187.0</boiling-point>
   <density>8.90</density>
   <specific-heat>0.44</specific-heat>
   <electrical-conductivity>0.143e6</electrical-conductivity>
   <thermal-conductivity>0.907</thermal-conductivity>
</element>
