<?xml version="1.0" encoding="UTF-8"?>
<!DOCTYPE element SYSTEM "elements.dtd">
<element series="rare-earth-metal">
   <name>Praseodymium</name>
   <symbol>Pr</symbol>
   <atomic-number>59</atomic-number>
   <mass-number>141</mass-number>
   <electronegativity>1.13</electronegativity>
   <covalent-radius>1.65</covalent-radius>
   <atomic-radius>2.67</atomic-radius>
   <melting-point>1204.0</melting-point>
   <boiling-point>3785.0</boiling-point>
   <density>6.77</density>
   <specific-heat>0.19</specific-heat>
   <electrical-conductivity>0.0148e6</electrical-conductivity>
   <thermal-conductivity>0.125</thermal-conductivity>
</element>
