<?xml version="1.0" encoding="UTF-8"?>
<!DOCTYPE element SYSTEM "elements.dtd">
<element series="transition-metal">
   <name>Rhenium</name>
   <symbol>Re</symbol>
   <atomic-number>75</atomic-number>
   <mass-number>186</mass-number>
   <electronegativity>1.9</electronegativity>
   <covalent-radius>1.28</covalent-radius>
   <atomic-radius>1.97</atomic-radius>
   <melting-point>3453.0</melting-point>
   <boiling-point>5869.0</boiling-point>
   <density>21.0</density>
   <specific-heat>0.13</specific-heat>
   <electrical-conductivity>0.0542e6</electrical-conductivity>
   <thermal-conductivity>0.479</thermal-conductivity>
</element>
