<?xml version="1.0" encoding="UTF-8"?>
<!DOCTYPE element SYSTEM "elements.dtd">
<element series="transition-metal">
   <name>Silver</name>
   <symbol>Ag</symbol>
   <atomic-number>47</atomic-number>
   <mass-number>108</mass-number>
   <electronegativity>1.93</electronegativity>
   <covalent-radius>1.34</covalent-radius>
   <atomic-radius>1.75</atomic-radius>
   <melting-point>1234.0</melting-point>
   <boiling-point>2436.0</boiling-point>
   <density>10.5</density>
   <specific-heat>0.235</specific-heat>
   <electrical-conductivity>0.630e6</electrical-conductivity>
   <thermal-conductivity>4.29</thermal-conductivity>
</element>
