<?xml version="1.0" encoding="UTF-8"?>
<!DOCTYPE element SYSTEM "elements.dtd">
<element series="rare-earth-metal">
   <name>Thorium</name>
   <symbol>Th</symbol>
   <atomic-number>90</atomic-number>
   <mass-number>232</mass-number>
   <electronegativity>1.3</electronegativity>
   <covalent-radius>1.65</covalent-radius>
   <melting-point>2028.0</melting-point>
   <boiling-point>5061.0</boiling-point>
   <density>11.7</density>
   <specific-heat>0.12</specific-heat>
   <electrical-conductivity>0.0653e6</electrical-conductivity>
   <thermal-conductivity>0.540</thermal-conductivity>
</element>
