<?xml version="1.0" encoding="UTF-8"?>
<!DOCTYPE element SYSTEM "elements.dtd">
<element series="rare-earth-metal">
   <name>Ytterbium</name>
   <symbol>Yb</symbol>
   <atomic-number>70</atomic-number>
   <mass-number>173</mass-number>
   <electronegativity>1.1</electronegativity>
   <covalent-radius>1.74</covalent-radius>
   <atomic-radius>2.40</atomic-radius>
   <melting-point>1097.0</melting-point>
   <boiling-point>1467.0</boiling-point>
   <density>6.98</density>
   <specific-heat>0.15</specific-heat>
   <electrical-conductivity>0.0351e6</electrical-conductivity>
   <thermal-conductivity>0.349</thermal-conductivity>
</element>
