0.980581,0.980608,0.980692,0.980829,0.981018,0.981258,0.981552,-0.018128,-0.01776,-0.017357,-0.016924,-0.016465,-0.015986,-0.015489,-0.014981,-0.014464,-0.013943,-0.013421,-0.012901,-0.012386,-0.011879,-0.011381,-0.010895,-0.010421,-0.009961,-0.009517,-0.009087,-0.008674,-0.008277,-0.007895,-0.00753,-0.007181,-0.006848,-0.00653,-0.006227,-0.005939,-0.005664,-0.005403,-0.005155,-0.00492,-0.004696,-0.004483,-0.004282,-0.00409,-0.003909,-0.003736,-0.003573,-0.003418,-0.00327,-0.00313
0.980525,0.980553,0.980637,0.980775,0.980966,0.981208,0.980779,-0.018172,-0.017801,-0.017395,-0.016959,-0.016497,-0.016014,-0.015515,-0.015003,-0.014483,-0.013959,-0.013435,-0.012913,-0.012396,-0.011887,-0.011387,-0.010899,-0.010424,-0.009963,-0.009518,-0.009087,-0.008673,-0.008275,-0.007894,-0.007528,-0.007179,-0.006846,-0.006527,-0.006224,-0.005936,-0.005661,-0.0054,-0.005152,-0.004917,-0.004693,-0.004481,-0.004279,-0.004088,-0.003906,-0.003734,-0.00357,-0.003415,-0.003268,-0.003128
0.980356,0.980385,0.980471,0.980614,0.98081,0.981058,0.981009,-0.017986,-0.017926,-0.017511,-0.017065,-0.016593,-0.0161,-0.015591,-0.01507,-0.014542,-0.01401,-0.013477,-0.012948,-0.012425,-0.01191,-0.011405,-0.010913,-0.010434,-0.009969,-0.009521,-0.009088,-0.008671,-0.008272,-0.007889,-0.007522,-0.007172,-0.006838,-0.006519,-0.006216,-0.005927,-0.005652,-0.005391,-0.005143,-0.004908,-0.004684,-0.004472,-0.004271,-0.00408,-0.003898,-0.003726,-0.003563,-0.003408,-0.003261,-0.003122
0.980072,0.980103,0.980193,0.980341,0.980546,0.980805,0.980816,-0.018532,-0.018137,-0.017706,-0.017243,-0.016754,-0.016245,-0.015719,-0.015183,-0.014639,-0.014093,-0.013548,-0.013007,-0.012473,-0.011948,-0.011435,-0.010934,-0.010449,-0.009979,-0.009525,-0.009088,-0.008668,-0.008265,-0.00788,-0.007512,-0.00716,-0.006824,-0.006505,-0.006201,-0.005912,-0.005637,-0.005376,-0.005128,-0.004893,-0.004669,-0.004458,-0.004257,-0.004066,-0.003885,-0.003714,-0.003551,-0.003397,-0.00325,-0.003111
0.979667,0.979699,0.979795,0.979953,0.980171,0.980445,0.98044,-0.018853,-0.018436,-0.017981,-0.017494,-0.016982,-0.016448,-0.0159,-0.015341,-0.014776,-0.01421,-0.013646,-0.013088,-0.012539,-0.012001,-0.011475,-0.010964,-0.010469,-0.009991,-0.00953,-0.009087,-0.008663,-0.008256,-0.007867,-0.007496,-0.007142,-0.006805,-0.006485,-0.00618,-0.00589,-0.005615,-0.005354,-0.005106,-0.004871,-0.004649,-0.004437,-0.004237,-0.004047,-0.003867,-0.003696,-0.003534,-0.00338,-0.003234,-0.003096
0.979133,0.979168,0.979271,0.979442,0.979677,0.979973,0.979967,-0.019274,-0.018826,-0.01834,-0.017822,-0.017277,-0.016712,-0.016133,-0.015544,-0.014952,-0.01436,-0.013772,-0.013192,-0.012623,-0.012067,-0.011526,-0.011001,-0.010494,-0.010005,-0.009536,-0.009086,-0.008655,-0.008243,-0.00785,-0.007476,-0.007119,-0.00678,-0.006458,-0.006153,-0.005862,-0.005587,-0.005326,-0.005079,-0.004844,-0.004622,-0.004411,-0.004211,-0.004022,-0.003843,-0.003673,-0.003512,-0.003359,-0.003214,-0.003077
0.97846,0.978498,0.978612,0.978799,0.97905,0.979379,0.979349,-0.0198,-0.019314,-0.018789,-0.018229,-0.017644,-0.017038,-0.01642,-0.015794,-0.015167,-0.014542,-0.013924,-0.013317,-0.012723,-0.012145,-0.011585,-0.011043,-0.010522,-0.010021,-0.009541,-0.009081,-0.008643,-0.008225,-0.007827,-0.007449,-0.00709,-0.006749,-0.006425,-0.006118,-0.005828,-0.005552,-0.005291,-0.005044,-0.00481,-0.004589,-0.004379,-0.00418,-0.003992,-0.003814,-0.003645,-0.003485,-0.003333,-0.003189,-0.003053
0.977634,0.977676,0.977802,0.97801,0.978296,0.978654,0.979085,-0.020073,-0.019907,-0.019331,-0.01872,-0.018084,-0.017429,-0.016762,-0.016091,-0.01542,-0.014756,-0.014102,-0.013462,-0.012839,-0.012235,-0.011651,-0.01109,-0.010551,-0.010035,-0.009543,-0.009073,-0.008627,-0.008202,-0.007799,-0.007416,-0.007053,-0.00671,-0.006385,-0.006077,-0.005786,-0.00551,-0.00525,-0.005003,-0.00477,-0.004549,-0.004341,-0.004143,-0.003956,-0.003779,-0.003612,-0.003453,-0.003303,-0.00316,-0.003025
0.976637,0.976685,0.976827,0.977061,0.977382,0.977784,0.977901,-0.021204,-0.020611,-0.019973,-0.0193,-0.018601,-0.017886,-0.017161,-0.016434,-0.015713,-0.015001,-0.014304,-0.013625,-0.012967,-0.012333,-0.011723,-0.011139,-0.01058,-0.010048,-0.009542,-0.009061,-0.008604,-0.008172,-0.007763,-0.007375,-0.007009,-0.006663,-0.006336,-0.006028,-0.005736,-0.005461,-0.005201,-0.004955,-0.004723,-0.004503,-0.004296,-0.0041,-0.003915,-0.003739,-0.003573,-0.003416,-0.003267,-0.003126,-0.002993
0.975448,0.975503,0.975666,0.975932,0.976297,0.976753,0.977294,-0.022104,-0.021438,-0.020724,-0.019975,-0.019201,-0.018411,-0.017617,-0.016825,-0.016042,-0.015275,-0.014528,-0.013804,-0.013107,-0.012438,-0.011798,-0.011187,-0.010607,-0.010056,-0.009535,-0.009041,-0.008574,-0.008134,-0.007718,-0.007326,-0.006957,-0.006608,-0.00628,-0.00597,-0.005678,-0.005403,-0.005144,-0.004899,-0.004668,-0.004451,-0.004245,-0.004051,-0.003867,-0.003694,-0.003529,-0.003374,-0.003227,-0.003088,-0.002956
0.974041,0.974104,0.974291,0.974598,0.975018,0.975541,0.976161,-0.022785,-0.022398,-0.021593,-0.020751,-0.019886,-0.019009,-0.018131,-0.017262,-0.016408,-0.015576,-0.014771,-0.013996,-0.013254,-0.012546,-0.011872,-0.011233,-0.010629,-0.010058,-0.00952,-0.009013,-0.008535,-0.008086,-0.007664,-0.007267,-0.006894,-0.006543,-0.006214,-0.005904,-0.005612,-0.005338,-0.005079,-0.004836,-0.004607,-0.004391,-0.004187,-0.003995,-0.003814,-0.003642,-0.00348,-0.003327,-0.003183,-0.003045,-0.002916
0.972379,0.972453,0.972672,0.97303,0.973518,0.974124,0.974487,-0.024052,-0.023507,-0.022589,-0.021636,-0.020661,-0.01968,-0.018705,-0.017745,-0.016808,-0.015902,-0.015031,-0.014198,-0.013405,-0.012653,-0.011943,-0.011273,-0.010642,-0.01005,-0.009494,-0.008973,-0.008485,-0.008027,-0.007599,-0.007197,-0.006821,-0.006468,-0.006138,-0.005828,-0.005537,-0.005263,-0.005007,-0.004765,-0.004538,-0.004324,-0.004123,-0.003933,-0.003754,-0.003586,-0.003426,-0.003275,-0.003133,-0.002998,-0.002871
0.970422,0.970509,0.970767,0.971188,0.971761,0.97247,0.973297,-0.025779,-0.02478,-0.023726,-0.022637,-0.021533,-0.020428,-0.019337,-0.018271,-0.017239,-0.016248,-0.015302,-0.014404,-0.013556,-0.012756,-0.012006,-0.011302,-0.010644,-0.01003,-0.009456,-0.008921,-0.008421,-0.007955,-0.007521,-0.007115,-0.006736,-0.006382,-0.006051,-0.005742,-0.005452,-0.00518,-0.004925,-0.004686,-0.004462,-0.004251,-0.004052,-0.003865,-0.003689,-0.003523,-0.003366,-0.003218,-0.003079,-0.002946,-0.002821
0.968116,0.968219,0.968526,0.969027,0.969706,0.970545,0.971522,-0.027084,-0.026237,-0.025017,-0.023765,-0.022504,-0.021253,-0.020027,-0.018838,-0.017697,-0.01661,-0.01558,-0.01461,-0.0137,-0.012849,-0.012056,-0.011317,-0.010631,-0.009993,-0.009401,-0.008852,-0.008342,-0.007868,-0.007428,-0.007019,-0.006638,-0.006283,-0.005953,-0.005644,-0.005356,-0.005087,-0.004835,-0.004599,-0.004377,-0.004169,-0.003974,-0.00379,-0.003618,-0.003455,-0.003301,-0.003156,-0.00302,-0.00289,-0.002768
0.965393,0.965518,0.965887,0.966488,0.967302,0.968302,0.969463,-0.029266,-0.027899,-0.026477,-0.025028,-0.02358,-0.022155,-0.020771,-0.019441,-0.018175,-0.016979,-0.015856,-0.014807,-0.013831,-0.012926,-0.012087,-0.011312,-0.010597,-0.009936,-0.009327,-0.008764,-0.008244,-0.007764,-0.007319,-0.006907,-0.006526,-0.006171,-0.005842,-0.005536,-0.00525,-0.004984,-0.004735,-0.004502,-0.004285,-0.004081,-0.003889,-0.003709,-0.00354,-0.003381,-0.003231,-0.003089,-0.002956,-0.00283,-0.002711
0.962169,0.96232,0.962769,0.963498,0.964481,0.965685,0.967079,-0.03141,-0.029793,-0.028123,-0.026436,-0.024764,-0.023134,-0.021565,-0.020072,-0.018665,-0.017348,-0.016122,-0.014988,-0.013941,-0.012978,-0.012094,-0.011282,-0.010538,-0.009855,-0.009229,-0.008654,-0.008126,-0.00764,-0.007192,-0.006779,-0.006398,-0.006045,-0.005718,-0.005415,-0.005133,-0.00487,-0.004626,-0.004397,-0.004184,-0.003984,-0.003797,-0.003621,-0.003456,-0.003301,-0.003155,-0.003017,-0.002888,-0.002765,-0.002649
0.958335,0.958521,0.959071,0.959963,0.961163,0.962626,0.964314,-0.033874,-0.031947,-0.029972,-0.027996,-0.026056,-0.024183,-0.0224,-0.020721,-0.019154,-0.017703,-0.016366,-0.015141,-0.01402,-0.012998,-0.012067,-0.01122,-0.010448,-0.009745,-0.009104,-0.008519,-0.007984,-0.007494,-0.007045,-0.006633,-0.006253,-0.005903,-0.00558,-0.005281,-0.005004,-0.004746,-0.004506,-0.004283,-0.004075,-0.00388,-0.003698,-0.003527,-0.003367,-0.003216,-0.003074,-0.002941,-0.002815,-0.002696,-0.002583
0.953751,0.953982,0.954664,0.955767,0.957245,0.959039,0.960718,-0.036708,-0.034393,-0.032043,-0.029714,-0.027453,-0.025295,-0.023263,-0.021372,-0.019628,-0.01803,-0.016574,-0.015253,-0.014057,-0.012976,-0.012,-0.011118,-0.010321,-0.0096,-0.008947,-0.008355,-0.007816,-0.007325,-0.006877,-0.006467,-0.006091,-0.005746,-0.005427,-0.005134,-0.004862,-0.004611,-0.004377,-0.00416,-0.003957,-0.003768,-0.003592,-0.003426,-0.003271,-0.003125,-0.002988,-0.002859,-0.002737,-0.002622,-0.002514
0.948238,0.948527,0.94938,0.950757,0.952597,0.954818,0.956968,-0.039969,-0.037167,-0.034352,-0.031593,-0.028948,-0.026454,-0.024136,-0.022006,-0.020066,-0.01831,-0.016729,-0.01531,-0.014039,-0.012901,-0.011882,-0.01097,-0.010152,-0.009417,-0.008755,-0.008159,-0.007619,-0.00713,-0.006685,-0.00628,-0.00591,-0.005571,-0.00526,-0.004973,-0.004709,-0.004464,-0.004238,-0.004027,-0.003831,-0.003649,-0.003478,-0.003319,-0.003169,-0.003029,-0.002897,-0.002773,-0.002656,-0.002545,-0.002441
0.941558,0.941923,0.943001,0.944739,0.947051,0.949828,0.952952,-0.0434,-0.040307,-0.036912,-0.033629,-0.030522,-0.027635,-0.02499,-0.022594,-0.020441,-0.018519,-0.01681,-0.015294,-0.01395,-0.01276,-0.011704,-0.010767,-0.009933,-0.009189,-0.008524,-0.007927,-0.007391,-0.006907,-0.006469,-0.006071,-0.005709,-0.005379,-0.005076,-0.004798,-0.004542,-0.004306,-0.004088,-0.003885,-0.003697,-0.003522,-0.003358,-0.003205,-0.003062,-0.002927,-0.002801,-0.002682,-0.00257,-0.002464,-0.002364
0.933402,0.933868,0.935244,0.937457,0.940391,0.943899,0.947433,-0.048051,-0.04385,-0.039731,-0.035804,-0.032146,-0.028801,-0.025787,-0.023098,-0.02072,-0.018628,-0.016792,-0.015183,-0.013775,-0.01254,-0.011455,-0.010501,-0.009658,-0.008912,-0.008249,-0.007658,-0.007129,-0.006654,-0.006226,-0.005839,-0.005488,-0.005169,-0.004877,-0.004609,-0.004364,-0.004137,-0.003928,-0.003734,-0.003554,-0.003387,-0.003231,-0.003085,-0.002948,-0.00282,-0.0027,-0.002587,-0.00248,-0.002379,-0.002284
0.923359,0.92396,0.925731,0.928575,0.932337,0.936813,0.941779,-0.053037,-0.047831,-0.042801,-0.038086,-0.033772,-0.029899,-0.026473,-0.023472,-0.020862,-0.018601,-0.016647,-0.014957,-0.013495,-0.012228,-0.011125,-0.010164,-0.009321,-0.008581,-0.007927,-0.007348,-0.006832,-0.006371,-0.005957,-0.005584,-0.005247,-0.00494,-0.004661,-0.004406,-0.004172,-0.003957,-0.003758,-0.003574,-0.003404,-0.003245,-0.003097,-0.002959,-0.00283,-0.002708,-0.002595,-0.002487,-0.002386,-0.002291,-0.002201
0.910886,0.911665,0.913962,0.917649,0.922517,0.928288,0.934641,-0.058167,-0.052273,-0.046093,-0.040411,-0.035322,-0.030851,-0.026978,-0.023653,-0.020816,-0.0184,-0.016344,-0.014591,-0.013094,-0.01181,-0.010704,-0.009748,-0.008918,-0.008192,-0.007556,-0.006995,-0.006498,-0.006056,-0.00566,-0.005305,-0.004984,-0.004694,-0.00443,-0.004189,-0.003968,-0.003766,-0.003579,-0.003406,-0.003245,-0.003096,-0.002957,-0.002828,-0.002706,-0.002592,-0.002485,-0.002384,-0.002289,-0.002199,-0.002114
0.895261,0.896275,0.899267,0.904077,0.910432,0.917952,0.925823,-0.065386,-0.057175,-0.049533,-0.042673,-0.03668,-0.031546,-0.027206,-0.023566,-0.020522,-0.017978,-0.015849,-0.01406,-0.012552,-0.011273,-0.010183,-0.009248,-0.008442,-0.007744,-0.007134,-0.006599,-0.006127,-0.005709,-0.005336,-0.005002,-0.004702,-0.00443,-0.004184,-0.003959,-0.003753,-0.003564,-0.00339,-0.003229,-0.00308,-0.002941,-0.002812,-0.002691,-0.002578,-0.002471,-0.002371,-0.002277,-0.002188,-0.002104,-0.002025
0.875536,0.876855,0.880753,0.887048,0.895401,0.905303,0.915718,-0.072951,-0.062484,-0.052982,-0.044693,-0.037671,-0.031835,-0.027039,-0.023118,-0.019913,-0.017288,-0.015129,-0.013342,-0.011855,-0.010608,-0.009555,-0.00866,-0.007894,-0.007233,-0.00666,-0.00616,-0.00572,-0.005331,-0.004986,-0.004677,-0.0044,-0.004149,-0.003922,-0.003716,-0.003526,-0.003353,-0.003193,-0.003045,-0.002907,-0.00278,-0.002661,-0.002549,-0.002445,-0.002347,-0.002254,-0.002167,-0.002085,-0.002007,-0.001933
0.850495,0.85219,0.857229,0.865444,0.876467,0.889641,0.904015,-0.081223,-0.068049,-0.056173,-0.046188,-0.038045,-0.03152,-0.02633,-0.022207,-0.01892,-0.016284,-0.014153,-0.012417,-0.01099,-0.009806,-0.008816,-0.007981,-0.00727,-0.006661,-0.006135,-0.005678,-0.005277,-0.004924,-0.00461,-0.00433,-0.004079,-0.003853,-0.003648,-0.003461,-0.00329,-0.003132,-0.002987,-0.002853,-0.002729,-0.002613,-0.002505,-0.002403,-0.002308,-0.002218,-0.002134,-0.002054,-0.001979,-0.001907,-0.001839
0.818643,0.820768,0.827145,0.837726,0.852239,0.869931,0.889412,-0.091174,-0.07352,-0.058631,-0.046712,-0.037452,-0.03035,-0.024912,-0.020727,-0.017477,-0.014925,-0.0129,-0.011273,-0.009952,-0.008867,-0.007967,-0.007213,-0.006575,-0.00603,-0.005562,-0.005156,-0.004801,-0.004488,-0.004211,-0.003964,-0.003742,-0.003542,-0.003361,-0.003195,-0.003043,-0.002904,-0.002775,-0.002656,-0.002545,-0.002441,-0.002344,-0.002253,-0.002168,-0.002087,-0.002011,-0.001938,-0.00187,-0.001805,-0.001743
0.778302,0.780838,0.788565,0.801767,0.820603,0.84452,0.871196,-0.101612,-0.078132,-0.059513,-0.045589,-0.03543,-0.02804,-0.022618,-0.018584,-0.015533,-0.013189,-0.011358,-0.009908,-0.008742,-0.007794,-0.007012,-0.006361,-0.005812,-0.005345,-0.004945,-0.004597,-0.004294,-0.004028,-0.003791,-0.00358,-0.00339,-0.003219,-0.003063,-0.00292,-0.002789,-0.002669,-0.002557,-0.002453,-0.002356,-0.002265,-0.00218,-0.0021,-0.002024,-0.001953,-0.001885,-0.001821,-0.001759,-0.001701,-0.001645
0.727918,0.730689,0.739317,0.754718,0.778194,0.810439,0.849231,-0.112056,-0.08022,-0.057357,-0.041867,-0.031444,-0.024315,-0.019317,-0.015722,-0.013072,-0.011074,-0.009537,-0.008333,-0.007374,-0.006598,-0.005962,-0.005434,-0.00499,-0.004612,-0.004289,-0.004008,-0.003762,-0.003546,-0.003354,-0.003181,-0.003026,-0.002885,-0.002756,-0.002638,-0.002529,-0.002428,-0.002334,-0.002246,-0.002164,-0.002086,-0.002013,-0.001944,-0.001879,-0.001817,-0.001757,-0.001701,-0.001647,-0.001595,-0.001546
0.666691,0.669281,0.677554,0.693202,0.719563,0.761473,0.819536,-0.119784,-0.076074,-0.049814,-0.034413,-0.025023,-0.019007,-0.014972,-0.012156,-0.010124,-0.008616,-0.007468,-0.006576,-0.005869,-0.005299,-0.004833,-0.004445,-0.004119,-0.003841,-0.003602,-0.003394,-0.00321,-0.003048,-0.002902,-0.002771,-0.002652,-0.002543,-0.002443,-0.00235,-0.002263,-0.002183,-0.002107,-0.002036,-0.001969,-0.001905,-0.001844,-0.001786,-0.001731,-0.001679,-0.001628,-0.00158,-0.001533,-0.001489,-0.001446
0.595475,0.597254,0.603079,0.614769,0.637042,0.682374,0.775233,-0.113756,-0.057807,-0.033993,-0.022439,-0.016066,-0.012207,-0.009706,-0.007998,-0.006782,-0.005886,-0.005208,-0.004681,-0.004263,-0.003924,-0.003646,-0.003412,-0.003214,-0.003043,-0.002893,-0.002762,-0.002644,-0.002538,-0.002442,-0.002353,-0.002271,-0.002196,-0.002124,-0.002058,-0.001995,-0.001935,-0.001878,-0.001823,-0.001771,-0.001722,-0.001674,-0.001627,-0.001583,-0.00154,-0.001498,-0.001458,-0.001419,-0.001381,-0.001345
0.517483,0.517876,0.519179,0.521885,0.527494,0.542175,0.638336,-0.041344,-0.015813,-0.009351,-0.006637,-0.00522,-0.00438,-0.003838,-0.003466,-0.003197,-0.002993,-0.002834,-0.002705,-0.002598,-0.002506,-0.002426,-0.002354,-0.002289,-0.002229,-0.002173,-0.002121,-0.00207,-0.002022,-0.001976,-0.001931,-0.001888,-0.001846,-0.001804,-0.001764,-0.001724,-0.001686,-0.001647,-0.00161,-0.001574,-0.001538,-0.001502,-0.001468,-0.001434,-0.0014,-0.001368,-0.001336,-0.001304,-0.001274,-0.001244
0.438004,0.436867,0.433113,0.425406,0.409915,0.373415,0.258269,0.088253,0.035035,0.017746,0.010099,0.006057,0.003671,0.002156,0.001143,0.000437,-6.8e-005,-0.000438,-0.000714,-0.000922,-0.00108,-0.001201,-0.001293,-0.001362,-0.001414,-0.001452,-0.001479,-0.001496,-0.001507,-0.001511,-0.00151,-0.001505,-0.001496,-0.001484,-0.00147,-0.001454,-0.001437,-0.001417,-0.001397,-0.001376,-0.001354,-0.001331,-0.001308,-0.001285,-0.001261,-0.001237,-0.001214,-0.00119,-0.001166,-0.001142
0.362836,0.360569,0.353232,0.338918,0.313283,0.267765,0.194342,0.115176,0.064556,0.038264,0.024207,0.016088,0.01106,0.007767,0.005513,0.003916,0.002752,0.001883,0.001223,0.000713,0.000315,1e-006,-0.000249,-0.00045,-0.000611,-0.000741,-0.000845,-0.000929,-0.000997,-0.00105,-0.001093,-0.001125,-0.00115,-0.001167,-0.001179,-0.001187,-0.00119,-0.001189,-0.001186,-0.00118,-0.001171,-0.001161,-0.00115,-0.001137,-0.001123,-0.001108,-0.001092,-0.001075,-0.001059,-0.001041
0.296353,0.293605,0.284944,0.26905,0.243688,0.206613,0.159382,0.111697,0.074421,0.049602,0.033868,0.023789,0.017133,0.012586,0.009383,0.007064,0.005345,0.004044,0.003044,0.002263,0.001645,0.001152,0.000754,0.000431,0.000167,-5e-005,-0.000228,-0.000376,-0.000499,-0.0006,-0.000684,-0.000753,-0.000809,-0.000856,-0.000893,-0.000923,-0.000946,-0.000964,-0.000977,-0.000986,-0.000991,-0.000993,-0.000993,-0.00099,-0.000985,-0.000979,-0.000971,-0.000962,-0.000952,-0.000941
0.240542,0.237854,0.229583,0.215167,0.193989,0.166196,0.134002,0.102007,0.07476,0.054076,0.039294,0.028926,0.02162,0.016394,0.012585,0.009757,0.00762,0.005978,0.004698,0.003687,0.002881,0.00223,0.001701,0.001267,0.000909,0.000612,0.000364,0.000157,-1.7e-005,-0.000163,-0.000287,-0.00039,-0.000478,-0.000551,-0.000613,-0.000665,-0.000707,-0.000743,-0.000772,-0.000795,-0.000813,-0.000828,-0.000838,-0.000845,-0.00085,-0.000852,-0.000852,-0.00085,-0.000846,-0.000842
0.195313,0.192975,0.185909,0.174032,0.157464,0.136922,0.114076,0.091368,0.071083,0.05445,0.041552,0.031834,0.02458,0.019153,0.015059,0.011936,0.009524,0.007639,0.006149,0.004958,0.003997,0.003215,0.002574,0.002044,0.001603,0.001234,0.000925,0.000663,0.000442,0.000255,9.5e-005,-4.1e-005,-0.000158,-0.000257,-0.000342,-0.000414,-0.000475,-0.000527,-0.000572,-0.000609,-0.00064,-0.000665,-0.000686,-0.000703,-0.000717,-0.000727,-0.000734,-0.000739,-0.000742,-0.000743
0.159388,0.157484,0.1518,0.142463,0.129819,0.114587,0.097922,0.081249,0.06587,0.052607,0.041715,0.033043,0.026249,0.020957,0.016829,0.013594,0.011041,0.009009,0.007377,0.006057,0.00498,0.004095,0.003363,0.002753,0.002242,0.001812,0.001448,0.001139,0.000876,0.000651,0.000458,0.000292,0.000149,2.6e-005,-8e-005,-0.000172,-0.000251,-0.000319,-0.000377,-0.000427,-0.00047,-0.000507,-0.000538,-0.000564,-0.000586,-0.000604,-0.000619,-0.000631,-0.00064,-0.000647
0.131096,0.1296,0.125167,0.11798,0.1084,0.097012,0.084608,0.072082,0.060245,0.049661,0.040595,0.033061,0.026918,0.02196,0.017974,0.014769,0.012183,0.010087,0.008379,0.006978,0.005822,0.004862,0.004061,0.003388,0.002821,0.00234,0.00193,0.00158,0.00128,0.001022,0.000799,0.000607,0.00044,0.000295,0.000169,6e-005,-3.5e-005,-0.000118,-0.00019,-0.000252,-0.000307,-0.000354,-0.000394,-0.000429,-0.000459,-0.000485,-0.000507,-0.000525,-0.00054,-0.000553
0.108826,0.107671,0.104261,0.09877,0.091504,0.082906,0.073526,0.063954,0.054727,0.046246,0.038743,0.032293,0.026856,0.022333,0.018596,0.015519,0.012984,0.010893,0.009161,0.007722,0.006521,0.005513,0.004664,0.003946,0.003335,0.002814,0.002368,0.001984,0.001653,0.001366,0.001118,0.000902,0.000714,0.00055,0.000406,0.000281,0.000171,7.4e-005,-1e-005,-8.4e-005,-0.000149,-0.000206,-0.000255,-0.000299,-0.000336,-0.000369,-0.000397,-0.000422,-0.000443,-0.00046
0.091221,0.090334,0.08772,0.083523,0.077982,0.071423,0.064234,0.056819,0.04955,0.042719,0.036517,0.031036,0.026288,0.022233,0.018801,0.015913,0.013487,0.011451,0.00974,0.008299,0.007082,0.00605,0.005173,0.004425,0.003784,0.003233,0.002758,0.002348,0.001991,0.001682,0.001412,0.001176,0.000969,0.000788,0.000629,0.000489,0.000366,0.000257,0.000161,7.7e-005,2e-006,-6.3e-005,-0.000121,-0.000172,-0.000217,-0.000257,-0.000291,-0.000321,-0.000348,-0.000371
0.0772,0.076518,0.07451,0.071287,0.067029,0.061974,0.056398,0.050588,0.044808,0.039274,0.034142,0.029501,0.025387,0.021793,0.018687,0.01602,0.01374,0.011795,0.010137,0.008723,0.007514,0.006479,0.005591,0.004827,0.004168,0.003597,0.003102,0.002672,0.002296,0.001968,0.00168,0.001428,0.001205,0.00101,0.000837,0.000684,0.000549,0.00043,0.000324,0.00023,0.000147,7.3e-005,7e-006,-5.1e-005,-0.000103,-0.000148,-0.000189,-0.000224,-0.000256,-0.000283
0.065936,0.065409,0.063858,0.061364,0.058063,0.054127,0.049757,0.045157,0.040521,0.036012,0.031755,0.02783,0.024282,0.021121,0.018336,0.015903,0.013789,0.011958,0.010376,0.009009,0.007829,0.006807,0.005923,0.005155,0.004488,0.003907,0.003399,0.002955,0.002566,0.002224,0.001922,0.001657,0.001422,0.001214,0.00103,0.000866,0.000721,0.000592,0.000477,0.000375,0.000283,0.000202,0.000129,6.5e-005,7e-006,-4.4e-005,-9e-005,-0.000131,-0.000167,-0.000199
0.056802,0.056392,0.055183,0.053238,0.050654,0.04756,0.0441,0.040424,0.036677,0.032982,0.029439,0.026119,0.023065,0.020297,0.017819,0.015618,0.013677,0.011973,0.010481,0.009178,0.008039,0.007044,0.006175,0.005415,0.004749,0.004165,0.003652,0.0032,0.002802,0.00245,0.002139,0.001863,0.001618,0.001401,0.001207,0.001035,0.000881,0.000743,0.000621,0.000511,0.000412,0.000324,0.000246,0.000175,0.000112,5.5e-005,4e-006,-4.1e-005,-8.2e-005,-0.000118
0.049324,0.049002,0.048053,0.046521,0.04448,0.042024,0.039259,0.036297,0.033245,0.0302,0.02724,0.024427,0.0218,0.019384,0.017188,0.01521,0.013442,0.011869,0.010476,0.009245,0.008158,0.0072,0.006356,0.005611,0.004955,0.004374,0.003861,0.003407,0.003005,0.002647,0.00233,0.002047,0.001795,0.00157,0.001369,0.001189,0.001028,0.000884,0.000754,0.000638,0.000534,0.00044,0.000355,0.00028,0.000211,0.00015,9.5e-005,4.5e-005,0,-4e-005
0.043146,0.042891,0.042138,0.040921,0.039294,0.037326,0.035097,0.03269,0.030188,0.027664,0.025182,0.022793,0.020533,0.018427,0.016487,0.014717,0.013115,0.011673,0.010381,0.009227,0.0082,0.007286,0.006473,0.005751,0.005109,0.004538,0.004031,0.003579,0.003176,0.002816,0.002495,0.002208,0.001952,0.001721,0.001515,0.001329,0.001163,0.001013,0.000878,0.000756,0.000647,0.000548,0.000459,0.000378,0.000305,0.00024,0.00018,0.000127,7.9e-005,3.5e-005
0.037996,0.037792,0.03719,0.036214,0.034905,0.033315,0.031503,0.029533,0.027467,0.025364,0.023274,0.02124,0.019293,0.017457,0.015746,0.014167,0.012721,0.011406,0.010215,0.009142,0.008176,0.00731,0.006534,0.005839,0.005217,0.004661,0.004163,0.003717,0.003317,0.002959,0.002638,0.002349,0.002089,0.001856,0.001646,0.001456,0.001285,0.001131,0.000991,0.000865,0.000752,0.000648,0.000555,0.000471,0.000394,0.000325,0.000262,0.000205,0.000153,0.000106
0.033667,0.033503,0.033017,0.032228,0.031166,0.02987,0.028386,0.026761,0.025045,0.023283,0.021516,0.019778,0.018099,0.016498,0.01499,0.013584,0.012283,0.011088,0.009995,0.009001,0.0081,0.007284,0.006548,0.005883,0.005285,0.004746,0.004261,0.003824,0.003431,0.003077,0.002757,0.002469,0.002209,0.001974,0.001761,0.001569,0.001395,0.001238,0.001095,0.000966,0.000848,0.000742,0.000645,0.000557,0.000477,0.000404,0.000338,0.000278,0.000224,0.000174
0.030001,0.029867,0.029472,0.028828,0.027959,0.026895,0.02567,0.024321,0.022887,0.021403,0.019902,0.018414,0.016962,0.015565,0.014236,0.012985,0.011817,0.010733,0.009734,0.008818,0.007979,0.007215,0.00652,0.005889,0.005317,0.004799,0.004329,0.003904,0.003519,0.003171,0.002855,0.00257,0.002311,0.002076,0.001863,0.00167,0.001494,0.001334,0.001189,0.001057,0.000937,0.000828,0.000728,0.000637,0.000555,0.000479,0.00041,0.000348,0.00029,0.000238
0.026873,0.026763,0.026438,0.025909,0.025193,0.024313,0.023294,0.022168,0.020962,0.019706,0.018426,0.017147,0.015889,0.014668,0.013496,0.012383,0.011336,0.010355,0.009444,0.008602,0.007825,0.007112,0.006459,0.005862,0.005318,0.004821,0.004369,0.003958,0.003584,0.003244,0.002934,0.002653,0.002396,0.002163,0.001951,0.001757,0.001581,0.00142,0.001274,0.00114,0.001018,0.000907,0.000805,0.000712,0.000627,0.000549,0.000478,0.000413,0.000353,0.000299
0.024186,0.024095,0.023826,0.023388,0.022793,0.02206,0.021208,0.020261,0.019241,0.018173,0.017077,0.015975,0.014881,0.013812,0.012778,0.011789,0.010849,0.009964,0.009134,0.008362,0.007644,0.006981,0.00637,0.005808,0.005292,0.004819,0.004386,0.00399,0.003628,0.003297,0.002995,0.002719,0.002467,0.002236,0.002026,0.001833,0.001657,0.001496,0.001349,0.001215,0.001091,0.000978,0.000875,0.00078,0.000693,0.000614,0.000541,0.000474,0.000412,0.000356
0.021863,0.021787,0.021563,0.021198,0.0207,0.020085,0.019368,0.018567,0.017701,0.016788,0.015846,0.014892,0.01394,0.013002,0.012089,0.011208,0.010366,0.009566,0.008812,0.008105,0.007444,0.006829,0.006258,0.005731,0.005243,0.004794,0.004381,0.004002,0.003653,0.003333,0.003039,0.00277,0.002523,0.002296,0.002088,0.001898,0.001723,0.001563,0.001416,0.001281,0.001157,0.001043,0.000939,0.000843,0.000755,0.000674,0.000599,0.000531,0.000468,0.00041
0.019843,0.01978,0.019592,0.019285,0.018866,0.018347,0.017739,0.017058,0.016319,0.015535,0.014722,0.013894,0.013062,0.012238,0.01143,0.010646,0.009891,0.009169,0.008484,0.007837,0.007229,0.00666,0.006129,0.005635,0.005176,0.004751,0.004358,0.003996,0.003661,0.003352,0.003068,0.002806,0.002566,0.002344,0.00214,0.001952,0.001779,0.001621,0.001474,0.00134,0.001216,0.001102,0.000997,0.0009,0.000811,0.000729,0.000653,0.000583,0.000519,0.00046
0.018077,0.018024,0.017865,0.017605,0.017251,0.01681,0.016293,0.015711,0.015076,0.014401,0.013697,0.012975,0.012247,0.01152,0.010804,0.010105,0.009428,0.008777,0.008155,0.007564,0.007005,0.006479,0.005986,0.005524,0.005093,0.004693,0.00432,0.003975,0.003654,0.003358,0.003084,0.002831,0.002596,0.00238,0.002181,0.001996,0.001826,0.00167,0.001525,0.001391,0.001268,0.001154,0.001049,0.000951,0.000862,0.000779,0.000702,0.000632,0.000567,0.000506
0.016525,0.01648,0.016345,0.016124,0.015822,0.015446,0.015003,0.014504,0.013956,0.013372,0.012759,0.012129,0.011489,0.010848,0.010213,0.009588,0.00898,0.008392,0.007828,0.007288,0.006775,0.00629,0.005832,0.005402,0.004998,0.004621,0.004269,0.00394,0.003635,0.003351,0.003088,0.002843,0.002616,0.002406,0.002212,0.002032,0.001865,0.00171,0.001568,0.001435,0.001313,0.0012,0.001095,0.000998,0.000908,0.000825,0.000748,0.000676,0.000611,0.000549
0.015155,0.015117,0.015002,0.014813,0.014554,0.014231,0.01385,0.013419,0.012945,0.012437,0.011903,0.01135,0.010787,0.01022,0.009654,0.009096,0.00855,0.008019,0.007506,0.007014,0.006543,0.006096,0.005671,0.005271,0.004893,0.004539,0.004206,0.003895,0.003605,0.003334,0.003081,0.002846,0.002627,0.002423,0.002234,0.002058,0.001895,0.001744,0.001603,0.001473,0.001352,0.00124,0.001136,0.001039,0.000949,0.000866,0.000789,0.000717,0.000651,0.000589
0.01394,0.013907,0.013808,0.013646,0.013423,0.013145,0.012816,0.012442,0.01203,0.011587,0.011119,0.010633,0.010136,0.009632,0.009129,0.008629,0.008138,0.007658,0.007192,0.006742,0.006311,0.005898,0.005506,0.005133,0.004781,0.004448,0.004135,0.003841,0.003565,0.003306,0.003065,0.002839,0.002628,0.002432,0.002248,0.002078,0.001919,0.00177,0.001633,0.001505,0.001385,0.001274,0.001171,0.001075,0.000986,0.000903,0.000826,0.000755,0.000688,0.000626
0.012858,0.01283,0.012745,0.012604,0.012412,0.012171,0.011885,0.011559,0.0112,0.010812,0.010401,0.009972,0.009532,0.009084,0.008635,0.008187,0.007744,0.00731,0.006887,0.006476,0.006081,0.005701,0.005337,0.004991,0.004662,0.004351,0.004056,0.003778,0.003517,0.003271,0.003041,0.002824,0.002622,0.002432,0.002255,0.00209,0.001935,0.001791,0.001656,0.00153,0.001413,0.001304,0.001202,0.001107,0.001019,0.000936,0.00086,0.000788,0.000721,0.000659
0.011891,0.011867,0.011793,0.011671,0.011504,0.011294,0.011045,0.01076,0.010445,0.010104,0.009742,0.009363,0.008972,0.008573,0.008171,0.007769,0.00737,0.006976,0.006591,0.006217,0.005854,0.005504,0.005168,0.004846,0.00454,0.004248,0.003972,0.00371,0.003462,0.003229,0.003009,0.002803,0.002608,0.002426,0.002255,0.002095,0.001945,0.001805,0.001674,0.001551,0.001436,0.001329,0.001229,0.001135,0.001047,0.000966,0.00089,0.000818,0.000752,0.00069
0.011024,0.011002,0.010938,0.010832,0.010686,0.010502,0.010284,0.010035,0.009758,0.009457,0.009137,0.008801,0.008453,0.008097,0.007736,0.007374,0.007014,0.006657,0.006307,0.005965,0.005632,0.00531,0.004999,0.004701,0.004415,0.004142,0.003883,0.003636,0.003402,0.003181,0.002972,0.002775,0.002589,0.002414,0.00225,0.002095,0.00195,0.001814,0.001686,0.001566,0.001454,0.001349,0.001251,0.001158,0.001072,0.000991,0.000916,0.000845,0.000779,0.000717
0.010243,0.010224,0.010168,0.010075,0.009947,0.009786,0.009594,0.009375,0.00913,0.008865,0.00858,0.008282,0.007971,0.007653,0.007329,0.007003,0.006677,0.006353,0.006034,0.005721,0.005415,0.005119,0.004831,0.004555,0.004289,0.004034,0.003791,0.003559,0.003338,0.003128,0.00293,0.002742,0.002564,0.002397,0.002239,0.00209,0.00195,0.001818,0.001694,0.001577,0.001468,0.001365,0.001269,0.001178,0.001093,0.001014,0.000939,0.000869,0.000804,0.000742
0.009538,0.009521,0.009472,0.00939,0.009278,0.009136,0.008967,0.008773,0.008557,0.008321,0.008068,0.007802,0.007524,0.007238,0.006947,0.006653,0.006357,0.006063,0.005772,0.005486,0.005205,0.004932,0.004666,0.00441,0.004162,0.003924,0.003696,0.003478,0.00327,0.003072,0.002883,0.002705,0.002535,0.002375,0.002223,0.00208,0.001945,0.001817,0.001697,0.001584,0.001477,0.001377,0.001283,0.001194,0.001111,0.001033,0.000959,0.00089,0.000825,0.000764
0.008899,0.008885,0.008841,0.008769,0.00867,0.008544,0.008395,0.008223,0.008031,0.007821,0.007596,0.007357,0.007109,0.006852,0.006589,0.006323,0.006055,0.005788,0.005522,0.00526,0.005002,0.00475,0.004504,0.004266,0.004036,0.003814,0.0036,0.003395,0.003199,0.003012,0.002834,0.002664,0.002502,0.002349,0.002204,0.002066,0.001936,0.001813,0.001696,0.001587,0.001483,0.001386,0.001294,0.001207,0.001125,0.001048,0.000976,0.000908,0.000844,0.000784
0.008319,0.008306,0.008268,0.008204,0.008116,0.008005,0.007872,0.007719,0.007548,0.007361,0.007159,0.006946,0.006722,0.006491,0.006254,0.006013,0.005769,0.005526,0.005283,0.005043,0.004806,0.004573,0.004346,0.004125,0.003911,0.003704,0.003504,0.003311,0.003127,0.00295,0.002781,0.002619,0.002466,0.002319,0.00218,0.002048,0.001923,0.001805,0.001692,0.001586,0.001486,0.001391,0.001301,0.001217,0.001137,0.001061,0.00099,0.000923,0.00086,0.000801
0.007791,0.007779,0.007745,0.007688,0.00761,0.007511,0.007393,0.007257,0.007104,0.006936,0.006756,0.006564,0.006363,0.006154,0.005939,0.005721,0.005499,0.005277,0.005055,0.004835,0.004617,0.004402,0.004192,0.003987,0.003788,0.003594,0.003407,0.003226,0.003053,0.002886,0.002726,0.002573,0.002427,0.002287,0.002154,0.002028,0.001908,0.001793,0.001685,0.001582,0.001485,0.001393,0.001306,0.001223,0.001145,0.001072,0.001002,0.000936,0.000874,0.000816
0.007308,0.007298,0.007268,0.007217,0.007147,0.007059,0.006954,0.006832,0.006695,0.006545,0.006382,0.006209,0.006028,0.005839,0.005645,0.005446,0.005244,0.005041,0.004838,0.004636,0.004435,0.004237,0.004043,0.003852,0.003666,0.003486,0.003311,0.003141,0.002978,0.00282,0.002669,0.002524,0.002385,0.002252,0.002125,0.002004,0.001889,0.001779,0.001675,0.001576,0.001482,0.001392,0.001308,0.001228,0.001152,0.00108,0.001012,0.000947,0.000886,0.000829
0.006867,0.006858,0.00683,0.006785,0.006723,0.006644,0.00655,0.00644,0.006317,0.006182,0.006036,0.00588,0.005716,0.005545,0.005368,0.005187,0.005003,0.004818,0.004631,0.004445,0.004261,0.004078,0.003898,0.003721,0.003548,0.003379,0.003215,0.003056,0.002903,0.002754,0.002611,0.002474,0.002342,0.002215,0.002094,0.001979,0.001868,0.001763,0.001662,0.001567,0.001476,0.001389,0.001307,0.001229,0.001155,0.001085,0.001019,0.000956,0.000896,0.000839
0.006462,0.006453,0.006429,0.006389,0.006333,0.006262,0.006177,0.006079,0.005968,0.005846,0.005714,0.005573,0.005425,0.005269,0.005109,0.004944,0.004776,0.004606,0.004435,0.004264,0.004093,0.003924,0.003757,0.003593,0.003432,0.003275,0.003121,0.002972,0.002828,0.002688,0.002553,0.002422,0.002297,0.002177,0.002061,0.001951,0.001845,0.001744,0.001647,0.001555,0.001468,0.001384,0.001304,0.001229,0.001157,0.001089,0.001024,0.000962,0.000904,0.000848
0.006089,0.006082,0.00606,0.006024,0.005974,0.00591,0.005833,0.005745,0.005645,0.005535,0.005415,0.005288,0.005153,0.005011,0.004865,0.004715,0.004561,0.004405,0.004248,0.00409,0.003933,0.003777,0.003622,0.003469,0.003319,0.003172,0.003029,0.002889,0.002753,0.002621,0.002493,0.00237,0.002251,0.002137,0.002027,0.001921,0.00182,0.001723,0.001631,0.001542,0.001457,0.001377,0.0013,0.001226,0.001156,0.00109,0.001027,0.000967,0.00091,0.000855
0.005746,0.00574,0.00572,0.005687,0.005642,0.005585,0.005516,0.005436,0.005345,0.005246,0.005137,0.005021,0.004898,0.00477,0.004636,0.004499,0.004358,0.004215,0.00407,0.003925,0.00378,0.003635,0.003491,0.003349,0.003209,0.003072,0.002938,0.002807,0.002679,0.002555,0.002434,0.002317,0.002205,0.002096,0.001991,0.001891,0.001794,0.001701,0.001612,0.001527,0.001445,0.001367,0.001293,0.001222,0.001154,0.00109,0.001028,0.000969,0.000914,0.000861
0.00543,0.005424,0.005406,0.005376,0.005335,0.005284,0.005221,0.005149,0.005067,0.004976,0.004878,0.004772,0.004661,0.004543,0.004421,0.004295,0.004166,0.004034,0.003901,0.003767,0.003633,0.003499,0.003365,0.003233,0.003103,0.002975,0.002849,0.002726,0.002606,0.002489,0.002375,0.002264,0.002158,0.002054,0.001955,0.001859,0.001766,0.001677,0.001592,0.00151,0.001432,0.001356,0.001285,0.001216,0.00115,0.001088,0.001028,0.000971,0.000916,0.000865
0.005137,0.005131,0.005115,0.005089,0.005052,0.005005,0.004948,0.004882,0.004808,0.004726,0.004636,0.00454,0.004438,0.004331,0.004219,0.004103,0.003985,0.003864,0.003741,0.003617,0.003493,0.003368,0.003244,0.003121,0.003,0.00288,0.002762,0.002647,0.002533,0.002423,0.002316,0.002211,0.00211,0.002012,0.001917,0.001826,0.001737,0.001652,0.001571,0.001492,0.001416,0.001344,0.001275,0.001208,0.001145,0.001084,0.001026,0.00097,0.000917,0.000867
0.004866,0.004861,0.004846,0.004822,0.004788,0.004746,0.004694,0.004634,0.004567,0.004492,0.00441,0.004322,0.004229,0.004131,0.004028,0.003922,0.003813,0.003702,0.003588,0.003474,0.003359,0.003243,0.003128,0.003013,0.0029,0.002788,0.002677,0.002569,0.002463,0.002359,0.002257,0.002159,0.002063,0.001969,0.001879,0.001792,0.001708,0.001626,0.001548,0.001473,0.0014,0.00133,0.001264,0.001199,0.001138,0.001079,0.001023,0.000969,0.000917,0.000868
0.004614,0.00461,0.004596,0.004574,0.004544,0.004505,0.004458,0.004404,0.004342,0.004274,0.004199,0.004119,0.004033,0.003943,0.003849,0.003751,0.003651,0.003548,0.003443,0.003337,0.003231,0.003123,0.003016,0.002909,0.002803,0.002699,0.002595,0.002493,0.002393,0.002295,0.0022,0.002106,0.002015,0.001927,0.001841,0.001758,0.001677,0.0016,0.001525,0.001452,0.001383,0.001316,0.001251,0.001189,0.00113,0.001073,0.001018,0.000966,0.000916,0.000868
0.00438,0.004376,0.004364,0.004344,0.004316,0.004281,0.004238,0.004188,0.004132,0.004069,0.004001,0.003928,0.003849,0.003766,0.00368,0.00359,0.003497,0.003402,0.003306,0.003207,0.003108,0.003009,0.002909,0.002809,0.00271,0.002612,0.002515,0.002419,0.002325,0.002233,0.002142,0.002054,0.001968,0.001884,0.001803,0.001723,0.001647,0.001572,0.001501,0.001431,0.001364,0.0013,0.001238,0.001178,0.001121,0.001066,0.001013,0.000962,0.000913,0.000867
0.004162,0.004159,0.004148,0.004129,0.004104,0.004072,0.004033,0.003987,0.003936,0.003878,0.003816,0.003748,0.003676,0.0036,0.00352,0.003438,0.003352,0.003264,0.003174,0.003083,0.002991,0.002899,0.002806,0.002713,0.00262,0.002528,0.002437,0.002347,0.002259,0.002172,0.002086,0.002003,0.001921,0.001842,0.001764,0.001689,0.001616,0.001545,0.001476,0.001409,0.001345,0.001283,0.001224,0.001166,0.001111,0.001057,0.001006,0.000957,0.00091,0.000864
0.00396,0.003956,0.003946,0.003929,0.003906,0.003877,0.003841,0.003799,0.003752,0.003699,0.003642,0.00358,0.003514,0.003443,0.00337,0.003293,0.003214,0.003133,0.00305,0.002965,0.00288,0.002793,0.002707,0.00262,0.002533,0.002447,0.002362,0.002277,0.002194,0.002112,0.002031,0.001952,0.001875,0.001799,0.001726,0.001654,0.001584,0.001516,0.001451,0.001387,0.001326,0.001266,0.001209,0.001153,0.0011,0.001048,0.000999,0.000951,0.000905,0.000861
0.00377,0.003767,0.003758,0.003742,0.003721,0.003694,0.003661,0.003623,0.00358,0.003531,0.003479,0.003421,0.00336,0.003296,0.003228,0.003157,0.003084,0.003009,0.002931,0.002853,0.002773,0.002693,0.002612,0.002531,0.00245,0.002369,0.002289,0.002209,0.002131,0.002053,0.001977,0.001903,0.001829,0.001758,0.001687,0.001619,0.001553,0.001488,0.001425,0.001364,0.001305,0.001248,0.001193,0.001139,0.001088,0.001038,0.00099,0.000944,0.0009,0.000857
0.003593,0.00359,0.003582,0.003568,0.003548,0.003523,0.003493,0.003458,0.003418,0.003374,0.003325,0.003272,0.003216,0.003156,0.003093,0.003028,0.00296,0.00289,0.002819,0.002746,0.002671,0.002596,0.002521,0.002445,0.002369,0.002293,0.002218,0.002143,0.002069,0.001996,0.001924,0.001854,0.001784,0.001716,0.00165,0.001585,0.001521,0.001459,0.001399,0.001341,0.001284,0.00123,0.001176,0.001125,0.001075,0.001027,0.000981,0.000936,0.000893,0.000852
0.003427,0.003425,0.003417,0.003404,0.003386,0.003363,0.003335,0.003303,0.003266,0.003225,0.00318,0.003132,0.00308,0.003025,0.002966,0.002906,0.002843,0.002778,0.002711,0.002643,0.002574,0.002504,0.002434,0.002363,0.002292,0.00222,0.00215,0.002079,0.00201,0.001941,0.001873,0.001806,0.00174,0.001675,0.001612,0.00155,0.00149,0.001431,0.001373,0.001318,0.001263,0.001211,0.00116,0.00111,0.001062,0.001016,0.000971,0.000928,0.000886,0.000846
0.003272,0.00327,0.003262,0.003251,0.003234,0.003213,0.003187,0.003158,0.003124,0.003086,0.003044,0.002999,0.002951,0.0029,0.002846,0.00279,0.002732,0.002671,0.002609,0.002546,0.002481,0.002416,0.00235,0.002283,0.002217,0.00215,0.002084,0.002017,0.001952,0.001887,0.001822,0.001759,0.001696,0.001635,0.001575,0.001516,0.001459,0.001402,0.001347,0.001294,0.001242,0.001191,0.001142,0.001095,0.001049,0.001004,0.000961,0.000919,0.000879,0.00084
0.003126,0.003124,0.003117,0.003106,0.003091,0.003072,0.003048,0.003021,0.002989,0.002954,0.002916,0.002874,0.00283,0.002782,0.002732,0.00268,0.002626,0.00257,0.002512,0.002453,0.002393,0.002332,0.00227,0.002207,0.002145,0.002082,0.00202,0.001957,0.001895,0.001834,0.001773,0.001713,0.001654,0.001596,0.001538,0.001482,0.001427,0.001374,0.001321,0.00127,0.00122,0.001172,0.001125,0.001079,0.001035,0.000992,0.00095,0.00091,0.000871,0.000833
0.002989,0.002987,0.002981,0.002971,0.002957,0.002939,0.002917,0.002892,0.002863,0.00283,0.002795,0.002756,0.002715,0.002671,0.002625,0.002576,0.002525,0.002473,0.002419,0.002364,0.002308,0.002251,0.002193,0.002134,0.002076,0.002017,0.001958,0.001899,0.001841,0.001783,0.001725,0.001668,0.001612,0.001557,0.001502,0.001449,0.001397,0.001346,0.001295,0.001247,0.001199,0.001152,0.001107,0.001063,0.00102,0.000979,0.000939,0.0009,0.000862,0.000825
0.002861,0.002859,0.002853,0.002844,0.002831,0.002814,0.002794,0.00277,0.002744,0.002714,0.002681,0.002645,0.002606,0.002566,0.002522,0.002477,0.00243,0.002381,0.002331,0.002279,0.002227,0.002173,0.002119,0.002064,0.002009,0.001954,0.001898,0.001843,0.001788,0.001733,0.001678,0.001624,0.001571,0.001519,0.001467,0.001416,0.001366,0.001317,0.00127,0.001223,0.001177,0.001133,0.001089,0.001047,0.001006,0.000966,0.000927,0.000889,0.000853,0.000818
0.002739,0.002738,0.002732,0.002724,0.002712,0.002696,0.002678,0.002656,0.002631,0.002603,0.002573,0.002539,0.002504,0.002466,0.002425,0.002383,0.002339,0.002294,0.002247,0.002199,0.002149,0.002099,0.002048,0.001997,0.001945,0.001893,0.00184,0.001788,0.001736,0.001684,0.001633,0.001582,0.001531,0.001481,0.001432,0.001384,0.001336,0.00129,0.001244,0.001199,0.001155,0.001113,0.001071,0.00103,0.000991,0.000952,0.000915,0.000879,0.000843,0.000809
0.002625,0.002624,0.002619,0.002611,0.0026,0.002585,0.002568,0.002548,0.002525,0.002499,0.00247,0.002439,0.002406,0.002371,0.002333,0.002294,0.002253,0.00221,0.002166,0.002121,0.002075,0.002028,0.00198,0.001932,0.001883,0.001834,0.001785,0.001736,0.001686,0.001637,0.001589,0.00154,0.001492,0.001445,0.001398,0.001352,0.001307,0.001262,0.001219,0.001176,0.001134,0.001093,0.001053,0.001014,0.000976,0.000939,0.000903,0.000868,0.000833,0.0008
0.002518,0.002516,0.002512,0.002504,0.002494,0.00248,0.002464,0.002445,0.002424,0.0024,0.002373,0.002345,0.002314,0.002281,0.002246,0.002209,0.002171,0.002131,0.00209,0.002048,0.002004,0.00196,0.001915,0.00187,0.001824,0.001778,0.001731,0.001685,0.001638,0.001592,0.001546,0.0015,0.001454,0.001409,0.001365,0.001321,0.001278,0.001235,0.001193,0.001152,0.001112,0.001073,0.001035,0.000997,0.00096,0.000925,0.00089,0.000856,0.000823,0.000791
0.002416,0.002414,0.00241,0.002403,0.002394,0.002381,0.002366,0.002349,0.002329,0.002306,0.002282,0.002255,0.002226,0.002195,0.002163,0.002128,0.002092,0.002055,0.002017,0.001977,0.001936,0.001895,0.001853,0.00181,0.001767,0.001723,0.001679,0.001635,0.001591,0.001547,0.001504,0.00146,0.001417,0.001374,0.001332,0.00129,0.001249,0.001208,0.001169,0.001129,0.001091,0.001053,0.001016,0.00098,0.000945,0.000911,0.000877,0.000845,0.000813,0.000782
0.00232,0.002318,0.002314,0.002308,0.002299,0.002288,0.002274,0.002257,0.002239,0.002218,0.002195,0.00217,0.002143,0.002114,0.002083,0.002051,0.002018,0.001983,0.001947,0.00191,0.001872,0.001833,0.001793,0.001753,0.001712,0.001671,0.001629,0.001588,0.001546,0.001505,0.001463,0.001422,0.001381,0.00134,0.0013,0.00126,0.001221,0.001182,0.001144,0.001106,0.00107,0.001034,0.000998,0.000964,0.00093,0.000897,0.000864,0.000833,0.000802,0.000772
0.002229,0.002227,0.002224,0.002218,0.002209,0.002199,0.002186,0.002171,0.002153,0.002134,0.002112,0.002089,0.002064,0.002037,0.002008,0.001978,0.001947,0.001914,0.00188,0.001845,0.001809,0.001773,0.001735,0.001697,0.001659,0.00162,0.001581,0.001542,0.001502,0.001463,0.001424,0.001385,0.001346,0.001307,0.001269,0.001231,0.001193,0.001156,0.00112,0.001084,0.001049,0.001014,0.00098,0.000947,0.000914,0.000883,0.000851,0.000821,0.000792,0.000763
0.002143,0.002141,0.002138,0.002132,0.002125,0.002115,0.002103,0.002088,0.002072,0.002054,0.002034,0.002012,0.001988,0.001963,0.001936,0.001908,0.001879,0.001848,0.001816,0.001784,0.00175,0.001715,0.00168,0.001644,0.001608,0.001572,0.001535,0.001497,0.00146,0.001423,0.001386,0.001348,0.001311,0.001274,0.001238,0.001202,0.001166,0.001131,0.001096,0.001062,0.001028,0.000995,0.000962,0.00093,0.000899,0.000868,0.000838,0.000809,0.000781,0.000753
0.002061,0.00206,0.002057,0.002052,0.002044,0.002035,0.002024,0.00201,0.001995,0.001978,0.001959,0.001939,0.001917,0.001893,0.001868,0.001842,0.001814,0.001785,0.001755,0.001725,0.001693,0.00166,0.001627,0.001593,0.001559,0.001525,0.00149,0.001455,0.001419,0.001384,0.001348,0.001313,0.001278,0.001243,0.001208,0.001174,0.00114,0.001106,0.001073,0.00104,0.001007,0.000976,0.000944,0.000914,0.000884,0.000854,0.000825,0.000797,0.00077,0.000743
0.001984,0.001983,0.00198,0.001975,0.001968,0.001959,0.001949,0.001936,0.001922,0.001906,0.001888,0.001869,0.001849,0.001826,0.001803,0.001778,0.001752,0.001725,0.001697,0.001668,0.001638,0.001608,0.001576,0.001544,0.001512,0.001479,0.001446,0.001413,0.00138,0.001346,0.001312,0.001279,0.001245,0.001212,0.001179,0.001146,0.001114,0.001081,0.001049,0.001018,0.000987,0.000957,0.000927,0.000897,0.000868,0.00084,0.000812,0.000785,0.000758,0.000732
0.00191,0.001909,0.001907,0.001902,0.001896,0.001887,0.001877,0.001866,0.001853,0.001838,0.001821,0.001803,0.001784,0.001763,0.001741,0.001718,0.001693,0.001668,0.001641,0.001614,0.001586,0.001557,0.001527,0.001497,0.001467,0.001436,0.001405,0.001373,0.001341,0.001309,0.001278,0.001246,0.001214,0.001182,0.001151,0.001119,0.001088,0.001057,0.001027,0.000997,0.000967,0.000938,0.000909,0.000881,0.000853,0.000826,0.000799,0.000773,0.000747,0.000722
0.00184,0.00184,0.001837,0.001833,0.001827,0.001819,0.00181,0.001799,0.001786,0.001772,0.001757,0.00174,0.001722,0.001702,0.001682,0.00166,0.001637,0.001613,0.001588,0.001562,0.001536,0.001508,0.00148,0.001452,0.001423,0.001394,0.001364,0.001334,0.001304,0.001274,0.001244,0.001213,0.001183,0.001153,0.001123,0.001093,0.001063,0.001034,0.001005,0.000976,0.000947,0.000919,0.000892,0.000865,0.000838,0.000812,0.000786,0.000761,0.000736,0.000712
0.001774,0.001773,0.001771,0.001767,0.001761,0.001754,0.001745,0.001735,0.001723,0.00171,0.001696,0.00168,0.001663,0.001644,0.001625,0.001604,0.001583,0.00156,0.001537,0.001512,0.001487,0.001462,0.001435,0.001408,0.001381,0.001353,0.001325,0.001297,0.001268,0.00124,0.001211,0.001182,0.001153,0.001124,0.001096,0.001067,0.001039,0.001011,0.000983,0.000955,0.000928,0.000901,0.000875,0.000849,0.000823,0.000798,0.000773,0.000749,0.000725,0.000701
0.001711,0.00171,0.001708,0.001704,0.001699,0.001692,0.001684,0.001674,0.001663,0.001651,0.001638,0.001623,0.001606,0.001589,0.001571,0.001551,0.001531,0.00151,0.001488,0.001465,0.001441,0.001417,0.001392,0.001367,0.001341,0.001314,0.001288,0.001261,0.001234,0.001206,0.001179,0.001152,0.001124,0.001097,0.001069,0.001042,0.001015,0.000988,0.000962,0.000935,0.000909,0.000883,0.000858,0.000833,0.000808,0.000784,0.00076,0.000736,0.000713,0.000691
0.001651,0.00165,0.001648,0.001645,0.00164,0.001633,0.001626,0.001617,0.001606,0.001595,0.001582,0.001568,0.001553,0.001536,0.001519,0.001501,0.001482,0.001462,0.001441,0.001419,0.001397,0.001374,0.00135,0.001326,0.001302,0.001277,0.001252,0.001226,0.0012,0.001174,0.001148,0.001122,0.001096,0.00107,0.001044,0.001018,0.000992,0.000966,0.000941,0.000915,0.00089,0.000866,0.000841,0.000817,0.000793,0.00077,0.000747,0.000724,0.000702,0.000681
0.001594,0.001593,0.001591,0.001588,0.001583,0.001577,0.00157,0.001562,0.001552,0.001541,0.001529,0.001516,0.001501,0.001486,0.00147,0.001453,0.001434,0.001415,0.001396,0.001375,0.001354,0.001332,0.00131,0.001287,0.001264,0.00124,0.001217,0.001192,0.001168,0.001143,0.001118,0.001093,0.001069,0.001044,0.001019,0.000994,0.000969,0.000945,0.00092,0.000896,0.000872,0.000848,0.000825,0.000802,0.000779,0.000756,0.000734,0.000713,0.000691,0.00067
0.001539,0.001539,0.001537,0.001534,0.001529,0.001524,0.001517,0.001509,0.0015,0.00149,0.001478,0.001466,0.001452,0.001438,0.001422,0.001406,0.001389,0.001371,0.001353,0.001333,0.001313,0.001293,0.001272,0.00125,0.001228,0.001205,0.001183,0.00116,0.001136,0.001113,0.001089,0.001066,0.001042,0.001018,0.000994,0.000971,0.000947,0.000924,0.0009,0.000877,0.000854,0.000831,0.000809,0.000787,0.000765,0.000743,0.000722,0.000701,0.00068,0.00066
0.001487,0.001487,0.001485,0.001482,0.001478,0.001473,0.001466,0.001459,0.00145,0.00144,0.00143,0.001418,0.001405,0.001392,0.001377,0.001362,0.001346,0.001329,0.001311,0.001293,0.001274,0.001254,0.001234,0.001214,0.001193,0.001172,0.00115,0.001128,0.001106,0.001084,0.001061,0.001039,0.001016,0.000993,0.000971,0.000948,0.000925,0.000903,0.000881,0.000858,0.000836,0.000815,0.000793,0.000772,0.00075,0.00073,0.000709,0.000689,0.000669,0.000649
0.001438,0.001437,0.001436,0.001433,0.001429,0.001424,0.001418,0.001411,0.001403,0.001394,0.001383,0.001372,0.00136,0.001347,0.001334,0.001319,0.001304,0.001288,0.001271,0.001254,0.001236,0.001218,0.001199,0.001179,0.001159,0.001139,0.001119,0.001098,0.001077,0.001056,0.001034,0.001013,0.000991,0.000969,0.000948,0.000926,0.000904,0.000883,0.000861,0.00084,0.000819,0.000798,0.000777,0.000757,0.000736,0.000716,0.000697,0.000677,0.000658,0.000639
0.001391,0.00139,0.001388,0.001386,0.001382,0.001377,0.001372,0.001365,0.001357,0.001349,0.001339,0.001329,0.001317,0.001305,0.001292,0.001278,0.001264,0.001249,0.001233,0.001217,0.0012,0.001182,0.001164,0.001146,0.001127,0.001108,0.001088,0.001068,0.001048,0.001028,0.001008,0.000987,0.000967,0.000946,0.000925,0.000905,0.000884,0.000863,0.000843,0.000822,0.000802,0.000782,0.000762,0.000742,0.000723,0.000703,0.000684,0.000666,0.000647,0.000629
0.001345,0.001345,0.001343,0.001341,0.001337,0.001333,0.001328,0.001321,0.001314,0.001306,0.001297,0.001287,0.001276,0.001265,0.001252,0.001239,0.001226,0.001211,0.001196,0.001181,0.001165,0.001148,0.001131,0.001114,0.001096,0.001077,0.001059,0.00104,0.001021,0.001002,0.000982,0.000963,0.000943,0.000923,0.000903,0.000884,0.000864,0.000844,0.000824,0.000805,0.000785,0.000766,0.000747,0.000728,0.000709,0.000691,0.000672,0.000654,0.000636,0.000619
0.001302,0.001302,0.0013,0.001298,0.001295,0.00129,0.001285,0.001279,0.001272,0.001265,0.001256,0.001247,0.001237,0.001226,0.001214,0.001202,0.001189,0.001175,0.001161,0.001146,0.001131,0.001115,0.001099,0.001082,0.001065,0.001048,0.00103,0.001013,0.000994,0.000976,0.000957,0.000939,0.00092,0.000901,0.000882,0.000863,0.000844,0.000825,0.000807,0.000788,0.000769,0.000751,0.000732,0.000714,0.000696,0.000678,0.00066,0.000643,0.000626,0.000609
0.001261,0.00126,0.001259,0.001257,0.001254,0.00125,0.001245,0.001239,0.001233,0.001225,0.001217,0.001208,0.001199,0.001189,0.001178,0.001166,0.001154,0.001141,0.001127,0.001113,0.001099,0.001084,0.001068,0.001053,0.001036,0.00102,0.001003,0.000986,0.000969,0.000951,0.000933,0.000916,0.000898,0.00088,0.000862,0.000843,0.000825,0.000807,0.000789,0.000771,0.000753,0.000735,0.000718,0.0007,0.000683,0.000666,0.000649,0.000632,0.000615,0.000599
0.001221,0.001221,0.001219,0.001217,0.001214,0.001211,0.001206,0.001201,0.001195,0.001188,0.00118,0.001172,0.001163,0.001153,0.001142,0.001131,0.00112,0.001107,0.001095,0.001081,0.001068,0.001053,0.001039,0.001024,0.001008,0.000993,0.000977,0.00096,0.000944,0.000927,0.00091,0.000893,0.000876,0.000859,0.000841,0.000824,0.000807,0.000789,0.000772,0.000755,0.000738,0.00072,0.000703,0.000687,0.00067,0.000653,0.000637,0.000621,0.000605,0.000589
0.001183,0.001183,0.001182,0.00118,0.001177,0.001173,0.001169,0.001164,0.001158,0.001151,0.001144,0.001136,0.001128,0.001118,0.001109,0.001098,0.001087,0.001075,0.001063,0.001051,0.001038,0.001024,0.00101,0.000996,0.000981,0.000966,0.000951,0.000935,0.00092,0.000904,0.000888,0.000871,0.000855,0.000838,0.000822,0.000805,0.000789,0.000772,0.000755,0.000739,0.000722,0.000706,0.00069,0.000673,0.000657,0.000641,0.000625,0.00061,0.000594,0.000579
0.001147,0.001146,0.001145,0.001143,0.001141,0.001137,0.001133,0.001129,0.001123,0.001117,0.00111,0.001102,0.001094,0.001085,0.001076,0.001066,0.001056,0.001045,0.001033,0.001021,0.001009,0.000996,0.000983,0.000969,0.000955,0.000941,0.000926,0.000911,0.000896,0.000881,0.000866,0.00085,0.000834,0.000819,0.000803,0.000787,0.000771,0.000755,0.000739,0.000723,0.000707,0.000692,0.000676,0.00066,0.000645,0.000629,0.000614,0.000599,0.000584,0.000569
0.001112,0.001112,0.001111,0.001109,0.001106,0.001103,0.001099,0.001095,0.001089,0.001084,0.001077,0.00107,0.001062,0.001054,0.001045,0.001035,0.001025,0.001015,0.001004,0.000993,0.000981,0.000969,0.000956,0.000943,0.00093,0.000916,0.000902,0.000888,0.000874,0.000859,0.000844,0.00083,0.000815,0.0008,0.000784,0.000769,0.000754,0.000739,0.000723,0.000708,0.000693,0.000678,0.000662,0.000647,0.000633,0.000618,0.000603,0.000589,0.000574,0.00056
0.001079,0.001078,0.001077,0.001076,0.001073,0.00107,0.001066,0.001062,0.001057,0.001052,0.001045,0.001039,0.001031,0.001023,0.001015,0.001006,0.000996,0.000986,0.000976,0.000965,0.000954,0.000942,0.00093,0.000918,0.000905,0.000892,0.000879,0.000866,0.000852,0.000838,0.000824,0.00081,0.000795,0.000781,0.000766,0.000752,0.000737,0.000722,0.000708,0.000693,0.000678,0.000664,0.000649,0.000635,0.000621,0.000606,0.000592,0.000578,0.000564,0.00055
0.001047,0.001046,0.001045,0.001044,0.001041,0.001039,0.001035,0.001031,0.001026,0.001021,0.001015,0.001009,0.001002,0.000994,0.000986,0.000978,0.000969,0.000959,0.000949,0.000939,0.000928,0.000917,0.000905,0.000894,0.000882,0.000869,0.000857,0.000844,0.000831,0.000817,0.000804,0.00079,0.000777,0.000763,0.000749,0.000735,0.000721,0.000707,0.000693,0.000679,0.000665,0.000651,0.000637,0.000623,0.000609,0.000595,0.000581,0.000568,0.000554,0.000541
0.001016,0.001015,0.001015,0.001013,0.001011,0.001008,0.001005,0.001001,0.000996,0.000991,0.000986,0.00098,0.000973,0.000966,0.000958,0.00095,0.000942,0.000933,0.000923,0.000913,0.000903,0.000892,0.000882,0.00087,0.000859,0.000847,0.000835,0.000823,0.00081,0.000797,0.000785,0.000772,0.000758,0.000745,0.000732,0.000718,0.000705,0.000691,0.000678,0.000664,0.000651,0.000637,0.000624,0.000611,0.000597,0.000584,0.000571,0.000558,0.000545,0.000532
0.000986,0.000986,0.000985,0.000984,0.000982,0.000979,0.000976,0.000972,0.000968,0.000963,0.000958,0.000952,0.000946,0.000939,0.000932,0.000924,0.000916,0.000907,0.000898,0.000889,0.000879,0.000869,0.000858,0.000848,0.000837,0.000825,0.000814,0.000802,0.00079,0.000778,0.000766,0.000753,0.000741,0.000728,0.000715,0.000702,0.000689,0.000677,0.000664,0.000651,0.000638,0.000625,0.000612,0.000599,0.000586,0.000573,0.00056,0.000548,0.000535,0.000523
0.000958,0.000958,0.000957,0.000955,0.000953,0.000951,0.000948,0.000944,0.00094,0.000936,0.000931,0.000925,0.000919,0.000913,0.000906,0.000899,0.000891,0.000883,0.000874,0.000865,0.000856,0.000846,0.000836,0.000826,0.000815,0.000805,0.000794,0.000782,0.000771,0.000759,0.000748,0.000736,0.000724,0.000711,0.000699,0.000687,0.000674,0.000662,0.00065,0.000637,0.000625,0.000612,0.0006,0.000587,0.000575,0.000563,0.00055,0.000538,0.000526,0.000514
0.000931,0.00093,0.00093,0.000928,0.000926,0.000924,0.000921,0.000918,0.000914,0.00091,0.000905,0.0009,0.000894,0.000888,0.000881,0.000874,0.000867,0.000859,0.000851,0.000842,0.000833,0.000824,0.000815,0.000805,0.000795,0.000785,0.000774,0.000763,0.000752,0.000741,0.00073,0.000718,0.000707,0.000695,0.000684,0.000672,0.00066,0.000648,0.000636,0.000624,0.000612,0.0006,0.000588,0.000576,0.000564,0.000552,0.00054,0.000529,0.000517,0.000505
0.000904,0.000904,0.000903,0.000902,0.0009,0.000898,0.000895,0.000892,0.000889,0.000884,0.00088,0.000875,0.000869,0.000864,0.000857,0.000851,0.000843,0.000836,0.000828,0.00082,0.000812,0.000803,0.000794,0.000784,0.000775,0.000765,0.000755,0.000745,0.000734,0.000724,0.000713,0.000702,0.000691,0.00068,0.000668,0.000657,0.000645,0.000634,0.000622,0.000611,0.000599,0.000588,0.000576,0.000565,0.000553,0.000542,0.00053,0.000519,0.000508,0.000497
0.000879,0.000879,0.000878,0.000877,0.000875,0.000873,0.000871,0.000868,0.000864,0.00086,0.000856,0.000851,0.000846,0.00084,0.000834,0.000828,0.000821,0.000814,0.000807,0.000799,0.000791,0.000782,0.000774,0.000765,0.000756,0.000746,0.000737,0.000727,0.000717,0.000706,0.000696,0.000686,0.000675,0.000664,0.000653,0.000643,0.000632,0.000621,0.000609,0.000598,0.000587,0.000576,0.000565,0.000554,0.000543,0.000532,0.000521,0.00051,0.000499,0.000488
0.000855,0.000855,0.000854,0.000853,0.000851,0.000849,0.000847,0.000844,0.000841,0.000837,0.000833,0.000828,0.000823,0.000818,0.000812,0.000806,0.000799,0.000793,0.000786,0.000778,0.00077,0.000762,0.000754,0.000746,0.000737,0.000728,0.000719,0.000709,0.0007,0.00069,0.00068,0.00067,0.00066,0.000649,0.000639,0.000629,0.000618,0.000607,0.000597,0.000586,0.000575,0.000565,0.000554,0.000543,0.000533,0.000522,0.000511,0.000501,0.00049,0.00048
0.000831,0.000831,0.000831,0.000829,0.000828,0.000826,0.000824,0.000821,0.000818,0.000814,0.00081,0.000806,0.000801,0.000796,0.000791,0.000785,0.000779,0.000772,0.000765,0.000758,0.000751,0.000743,0.000735,0.000727,0.000719,0.00071,0.000701,0.000692,0.000683,0.000674,0.000664,0.000655,0.000645,0.000635,0.000625,0.000615,0.000605,0.000595,0.000584,0.000574,0.000564,0.000553,0.000543,0.000533,0.000523,0.000512,0.000502,0.000492,0.000482,0.000472
0.000809,0.000809,0.000808,0.000807,0.000806,0.000804,0.000802,0.000799,0.000796,0.000792,0.000789,0.000785,0.00078,0.000775,0.00077,0.000764,0.000759,0.000752,0.000746,0.000739,0.000732,0.000725,0.000717,0.000709,0.000701,0.000693,0.000685,0.000676,0.000667,0.000658,0.000649,0.00064,0.00063,0.000621,0.000611,0.000602,0.000592,0.000582,0.000572,0.000562,0.000552,0.000543,0.000533,0.000523,0.000513,0.000503,0.000493,0.000483,0.000473,0.000464
0.000787,0.000787,0.000786,0.000785,0.000784,0.000782,0.00078,0.000778,0.000775,0.000772,0.000768,0.000764,0.00076,0.000755,0.00075,0.000745,0.000739,0.000733,0.000727,0.000721,0.000714,0.000707,0.0007,0.000692,0.000684,0.000676,0.000668,0.00066,0.000652,0.000643,0.000634,0.000625,0.000616,0.000607,0.000598,0.000589,0.000579,0.00057,0.00056,0.000551,0.000541,0.000532,0.000522,0.000513,0.000503,0.000494,0.000484,0.000475,0.000465,0.000456
0.000766,0.000766,0.000766,0.000765,0.000763,0.000762,0.00076,0.000757,0.000754,0.000751,0.000748,0.000744,0.00074,0.000736,0.000731,0.000726,0.00072,0.000715,0.000709,0.000703,0.000696,0.000689,0.000682,0.000675,0.000668,0.00066,0.000653,0.000645,0.000637,0.000628,0.00062,0.000611,0.000603,0.000594,0.000585,0.000576,0.000567,0.000558,0.000549,0.00054,0.000531,0.000521,0.000512,0.000503,0.000494,0.000484,0.000475,0.000466,0.000457,0.000448
0.000746,0.000746,0.000745,0.000745,0.000743,0.000742,0.00074,0.000737,0.000735,0.000732,0.000729,0.000725,0.000721,0.000717,0.000712,0.000707,0.000702,0.000697,0.000691,0.000685,0.000679,0.000673,0.000666,0.000659,0.000652,0.000645,0.000637,0.00063,0.000622,0.000614,0.000606,0.000598,0.000589,0.000581,0.000573,0.000564,0.000555,0.000547,0.000538,0.000529,0.00052,0.000511,0.000502,0.000493,0.000484,0.000476,0.000467,0.000458,0.000449,0.00044
0.000727,0.000726,0.000726,0.000725,0.000724,0.000722,0.000721,0.000718,0.000716,0.000713,0.00071,0.000706,0.000703,0.000699,0.000694,0.00069,0.000685,0.00068,0.000674,0.000668,0.000662,0.000656,0.00065,0.000643,0.000637,0.00063,0.000623,0.000615,0.000608,0.0006,0.000592,0.000585,0.000577,0.000568,0.00056,0.000552,0.000544,0.000535,0.000527,0.000518,0.00051,0.000501,0.000493,0.000484,0.000475,0.000467,0.000458,0.00045,0.000441,0.000433
