0,0,0,0,0,0,0,0,0,0,0,0,0,0,0,0,0,0,0,0,0,0,0,0,0,0,0,0,0,0,0,0,0,0,0,0,0,0,0,0,0,0,0,0,0,0,0,0,0,0
0,5.6e-005,0.000111,0.000164,0.000215,0.000264,0.000309,0.00035,0.000387,0.00042,0.000448,0.000471,0.00049,0.000504,0.000514,0.000521,0.000523,0.000522,0.000518,0.000512,0.000503,0.000493,0.000481,0.000467,0.000453,0.000437,0.000422,0.000406,0.000389,0.000373,0.000357,0.000341,0.000326,0.00031,0.000296,0.000281,0.000268,0.000254,0.000242,0.00023,0.000218,0.000207,0.000196,0.000186,0.000177,0.000168,0.000159,0.000151,0.000144,0.000136
0,0.000113,0.000223,0.000331,0.000435,0.000532,0.000623,0.000706,0.00078,0.000846,0.000902,0.000949,0.000986,0.001015,0.001035,0.001047,0.001051,0.001049,0.001041,0.001028,0.001011,0.000989,0.000964,0.000937,0.000908,0.000877,0.000845,0.000813,0.00078,0.000747,0.000715,0.000683,0.000652,0.000621,0.000592,0.000563,0.000535,0.000509,0.000483,0.000459,0.000436,0.000414,0.000393,0.000373,0.000354,0.000336,0.000318,0.000302,0.000287,0.000272
0,0.000171,0.00034,0.000505,0.000662,0.00081,0.000948,0.000623,0.001186,0.001285,0.001369,0.00144,0.001496,0.001538,0.001567,0.001584,0.001591,0.001587,0.001574,0.001553,0.001525,0.001492,0.001453,0.001412,0.001367,0.00132,0.001271,0.001222,0.001173,0.001123,0.001074,0.001026,0.000978,0.000932,0.000888,0.000845,0.000803,0.000763,0.000725,0.000688,0.000654,0.00062,0.000589,0.000559,0.00053,0.000503,0.000477,0.000453,0.00043,0.000408
-0,0.000233,0.000464,0.000687,0.000901,0.001102,0.001289,0.001459,0.001611,0.001744,0.001857,0.001951,0.002025,0.00208,0.002118,0.00214,0.002146,0.002139,0.002119,0.002089,0.00205,0.002004,0.001951,0.001894,0.001832,0.001768,0.001702,0.001636,0.001568,0.001501,0.001435,0.00137,0.001306,0.001245,0.001185,0.001127,0.001071,0.001018,0.000966,0.000917,0.000871,0.000826,0.000784,0.000744,0.000706,0.00067,0.000635,0.000603,0.000572,0.000543
0,0.0003,0.000596,0.000883,0.001157,0.001415,0.001653,0.001866,0.002061,0.002231,0.002373,0.00249,0.002582,0.00265,0.002695,0.002719,0.002723,0.002711,0.002683,0.002643,0.002591,0.002529,0.002461,0.002386,0.002307,0.002224,0.00214,0.002054,0.001968,0.001883,0.001799,0.001716,0.001636,0.001558,0.001482,0.001409,0.001339,0.001272,0.001207,0.001146,0.001087,0.001032,0.000979,0.000928,0.000881,0.000835,0.000793,0.000752,0.000714,0.000677
0,0.000373,0.00074,0.001095,0.001435,0.001754,0.002469,0.002313,0.002549,0.002753,0.002926,0.003065,0.003174,0.003253,0.003303,0.003328,0.003329,0.003309,0.003271,0.003217,0.00315,0.003071,0.002984,0.00289,0.002791,0.002689,0.002584,0.002479,0.002373,0.002269,0.002166,0.002065,0.001967,0.001872,0.00178,0.001692,0.001607,0.001526,0.001448,0.001374,0.001303,0.001236,0.001173,0.001112,0.001055,0.001,0.000949,0.0009,0.000854,0.000811
0,0.000453,0.000899,0.00133,0.001741,0.002126,0.00248,0.002798,0.00308,0.003322,0.003524,0.003686,0.003811,0.003898,0.003952,0.003975,0.003969,0.003939,0.003887,0.003817,0.003731,0.003633,0.003525,0.003409,0.003288,0.003164,0.003037,0.00291,0.002784,0.002659,0.002536,0.002417,0.0023,0.002188,0.002079,0.001975,0.001875,0.001779,0.001688,0.001601,0.001519,0.00144,0.001365,0.001295,0.001228,0.001164,0.001104,0.001047,0.000994,0.000943
-0,0.000543,0.001076,0.001593,0.002083,0.002541,0.00296,0.003336,0.003665,0.003946,0.004179,0.004363,0.004502,0.004596,0.00465,0.004667,0.004651,0.004606,0.004537,0.004447,0.004339,0.004218,0.004085,0.003945,0.0038,0.003651,0.003501,0.00335,0.003201,0.003054,0.002911,0.002771,0.002636,0.002505,0.002379,0.002258,0.002143,0.002033,0.001928,0.001828,0.001732,0.001642,0.001557,0.001476,0.001399,0.001326,0.001258,0.001193,0.001132,0.001074
0,0.000645,0.001278,0.00189,0.002469,0.003008,0.003276,0.003937,0.004318,0.00464,0.004903,0.005108,0.005258,0.005356,0.005406,0.005413,0.005382,0.005318,0.005226,0.005111,0.004977,0.004829,0.004669,0.004501,0.004328,0.004152,0.003975,0.003799,0.003625,0.003455,0.003289,0.003128,0.002973,0.002823,0.002679,0.002542,0.00241,0.002285,0.002166,0.002052,0.001945,0.001843,0.001746,0.001655,0.001569,0.001487,0.00141,0.001337,0.001268,0.001203
0,0.000762,0.00151,0.00223,0.002911,0.003541,0.004112,0.004618,0.005054,0.005418,0.005711,0.005935,0.006093,0.006189,0.00623,0.006222,0.00617,0.006081,0.005961,0.005815,0.00565,0.005469,0.005277,0.005077,0.004873,0.004667,0.004461,0.004257,0.004057,0.003862,0.003672,0.003489,0.003312,0.003142,0.00298,0.002825,0.002677,0.002536,0.002403,0.002276,0.002156,0.002042,0.001934,0.001832,0.001736,0.001645,0.00156,0.001479,0.001402,0.00133
0,0.000898,0.001778,0.002624,0.00342,0.004154,0.004815,0.005395,0.005891,0.006299,0.006621,0.00686,0.007021,0.00711,0.007135,0.007104,0.007023,0.006902,0.006746,0.006564,0.006361,0.006142,0.005912,0.005676,0.005437,0.005197,0.004959,0.004725,0.004496,0.004274,0.004059,0.003852,0.003653,0.003462,0.00328,0.003107,0.002942,0.002786,0.002638,0.002497,0.002364,0.002238,0.00212,0.002007,0.001902,0.001802,0.001707,0.001618,0.001534,0.001455
0,0.001057,0.002092,0.003085,0.004015,0.004868,0.006015,0.006292,0.006851,0.007303,0.007652,0.007901,0.008059,0.008133,0.008134,0.00807,0.007951,0.007788,0.007589,0.007362,0.007113,0.00685,0.006577,0.0063,0.00602,0.005743,0.00547,0.005202,0.004942,0.004691,0.004449,0.004217,0.003994,0.003782,0.00358,0.003389,0.003206,0.003034,0.002871,0.002716,0.00257,0.002433,0.002303,0.00218,0.002064,0.001955,0.001852,0.001756,0.001664,0.001578
0,0.001246,0.002465,0.003629,0.004716,0.005706,0.006582,0.006886,0.007961,0.008457,0.008829,0.009082,0.009228,0.009276,0.00924,0.009132,0.008965,0.008749,0.008495,0.008213,0.007911,0.007596,0.007273,0.006948,0.006624,0.006305,0.005993,0.005689,0.005396,0.005113,0.004842,0.004583,0.004337,0.004102,0.003879,0.003668,0.003468,0.003279,0.003101,0.002932,0.002773,0.002624,0.002482,0.002349,0.002224,0.002106,0.001995,0.00189,0.001791,0.001698
0,0.001473,0.00291,0.004279,0.00555,0.006698,0.007705,0.009016,0.009255,0.009794,0.010182,0.010429,0.01055,0.010558,0.010471,0.010305,0.010073,0.009791,0.009471,0.009123,0.008758,0.008382,0.008002,0.007623,0.007249,0.006883,0.006528,0.006185,0.005855,0.005539,0.005238,0.004951,0.004679,0.00442,0.004176,0.003945,0.003727,0.003521,0.003328,0.003145,0.002973,0.002811,0.002659,0.002515,0.00238,0.002253,0.002134,0.002021,0.001916,0.001816
0,0.001747,0.003448,0.005063,0.006552,0.007881,0.009042,0.010007,0.010776,0.011353,0.011747,0.011974,0.012052,0.012002,0.011845,0.011601,0.011288,0.010923,0.010522,0.010095,0.009655,0.009208,0.008762,0.008323,0.007893,0.007476,0.007074,0.006688,0.006319,0.005968,0.005634,0.005318,0.005019,0.004737,0.00447,0.004219,0.003983,0.00376,0.00355,0.003354,0.003168,0.002994,0.002831,0.002677,0.002533,0.002397,0.002269,0.002149,0.002036,0.00193
0,0.002081,0.004105,0.006016,0.007767,0.009319,0.010646,0.011732,0.012575,0.013181,0.013566,0.013753,0.013766,0.013633,0.013381,0.013035,0.012619,0.012153,0.011652,0.011132,0.010604,0.010076,0.009555,0.009047,0.008555,0.008082,0.007629,0.007197,0.006787,0.006398,0.006031,0.005684,0.005357,0.00505,0.00476,0.004489,0.004233,0.003994,0.003769,0.003557,0.003359,0.003173,0.002999,0.002835,0.002681,0.002537,0.002401,0.002274,0.002154,0.002041
0,0.002495,0.004914,0.007187,0.009253,0.011064,0.012587,0.013806,0.014719,0.01534,0.015694,0.015811,0.015727,0.015478,0.0151,0.014624,0.014078,0.013486,0.012866,0.012235,0.011605,0.010984,0.010379,0.009794,0.009234,0.008699,0.008191,0.00771,0.007256,0.006827,0.006425,0.006046,0.005691,0.005358,0.005046,0.004753,0.004479,0.004222,0.003981,0.003756,0.003545,0.003347,0.003162,0.002988,0.002825,0.002672,0.002529,0.002394,0.002267,0.002149
0,0.003009,0.00592,0.00864,0.011091,0.01321,0.01533,0.016317,0.017292,0.017905,0.018193,0.0182,0.017974,0.017569,0.017025,0.016381,0.015673,0.014928,0.014166,0.013405,0.012657,0.01193,0.01123,0.010561,0.009925,0.009324,0.008757,0.008224,0.007723,0.007254,0.006814,0.006403,0.006019,0.00566,0.005324,0.005011,0.004718,0.004444,0.004188,0.003948,0.003724,0.003515,0.003319,0.003135,0.002964,0.002802,0.002651,0.00251,0.002377,0.002252
0,0.003658,0.007185,0.010462,0.013384,0.015872,0.017879,0.019385,0.020403,0.02097,0.021142,0.020983,0.020561,0.019939,0.019177,0.018321,0.017413,0.016482,0.015551,0.014639,0.013755,0.012909,0.012104,0.011342,0.010626,0.009953,0.009324,0.008735,0.008186,0.007675,0.007198,0.006753,0.00634,0.005954,0.005595,0.005261,0.004949,0.004658,0.004387,0.004134,0.003897,0.003677,0.00347,0.003277,0.003097,0.002928,0.002769,0.002621,0.002482,0.002351
0,0.004481,0.008791,0.012767,0.016274,0.019209,0.021511,0.023162,0.02419,0.024654,0.024636,0.024231,0.023531,0.022622,0.021576,0.020454,0.019299,0.018145,0.017017,0.01593,0.014894,0.013915,0.012994,0.012132,0.011329,0.010581,0.009886,0.009241,0.008642,0.008087,0.007571,0.007094,0.00665,0.006239,0.005857,0.005501,0.005171,0.004864,0.004578,0.004311,0.004063,0.003831,0.003615,0.003413,0.003224,0.003047,0.002882,0.002727,0.002582,0.002446
0,0.005538,0.010848,0.015714,0.019955,0.023433,0.025674,0.027855,0.028834,0.029103,0.028788,0.028024,0.026941,0.025649,0.02424,0.022783,0.02133,0.019913,0.018555,0.01727,0.016064,0.014938,0.013892,0.012924,0.012028,0.011201,0.010439,0.009735,0.009086,0.008486,0.007933,0.007422,0.006949,0.006512,0.006107,0.005732,0.005383,0.00506,0.00476,0.00448,0.00422,0.003978,0.003752,0.003542,0.003345,0.003161,0.002989,0.002828,0.002677,0.002536
0,0.006905,0.013505,0.019516,0.024688,0.028835,0.031855,0.033297,0.034571,0.034506,0.033735,0.032455,0.030843,0.029046,0.027175,0.025307,0.023495,0.02177,0.020151,0.018644,0.01725,0.015966,0.014788,0.013706,0.012716,0.011808,0.010976,0.010213,0.009513,0.00887,0.008279,0.007735,0.007234,0.006771,0.006344,0.005949,0.005584,0.005246,0.004931,0.00464,0.004369,0.004117,0.003882,0.003663,0.003459,0.003268,0.00309,0.002923,0.002767,0.002621
0,0.008681,0.016962,0.024462,0.030837,0.035823,0.039273,0.041189,0.041713,0.041096,0.039634,0.037615,0.035285,0.032828,0.030375,0.028007,0.025772,0.023695,0.021782,0.020031,0.018436,0.016985,0.015667,0.014469,0.013381,0.012392,0.011491,0.010669,0.009919,0.009234,0.008606,0.00803,0.007501,0.007015,0.006567,0.006154,0.005772,0.005419,0.005092,0.004789,0.004508,0.004246,0.004003,0.003777,0.003566,0.003369,0.003185,0.003013,0.002852,0.002701
0,0.010993,0.021474,0.030936,0.038899,0.044965,0.048906,0.050728,0.050676,0.049163,0.04666,0.043592,0.040291,0.036985,0.033812,0.030848,0.028126,0.025652,0.023418,0.021406,0.019599,0.017975,0.016514,0.0152,0.014015,0.012945,0.011976,0.011098,0.0103,0.009573,0.008911,0.008305,0.00775,0.007241,0.006773,0.006343,0.005946,0.00558,0.005241,0.004927,0.004636,0.004366,0.004116,0.003882,0.003665,0.003462,0.003273,0.003096,0.002931,0.002776
0,0.013986,0.02735,0.039435,0.049553,0.057076,0.061596,0.063102,0.062019,0.059061,0.054991,0.050442,0.045848,0.041466,0.037425,0.03377,0.030501,0.027595,0.025019,0.022737,0.020713,0.018914,0.017313,0.015884,0.014605,0.013458,0.012425,0.011493,0.010649,0.009885,0.009189,0.008556,0.007977,0.007447,0.006962,0.006516,0.006105,0.005726,0.005377,0.005053,0.004754,0.004476,0.004219,0.003979,0.003756,0.003548,0.003354,0.003173,0.003003,0.002845
0,0.017797,0.034914,0.050547,0.063713,0.073342,0.078612,0.079409,0.076501,0.071191,0.064764,0.058146,0.051866,0.046165,0.041109,0.036681,0.032822,0.029464,0.026539,0.023985,0.021748,0.019781,0.018045,0.016508,0.015141,0.013921,0.012829,0.011847,0.010963,0.010163,0.009439,0.00878,0.00818,0.007632,0.00713,0.00667,0.006247,0.005858,0.005499,0.005167,0.00486,0.004576,0.004312,0.004067,0.003838,0.003626,0.003428,0.003243,0.00307,0.002908
0,0.022481,0.04438,0.064848,0.08253,0.095527,0.101985,0.101357,0.095142,0.08594,0.075979,0.066538,0.05814,0.050889,0.044707,0.039457,0.034994,0.031186,0.027922,0.025109,0.022672,0.020549,0.018691,0.017055,0.015609,0.014325,0.013181,0.012156,0.011236,0.010406,0.009656,0.008976,0.008357,0.007793,0.007278,0.006806,0.006372,0.005974,0.005607,0.005268,0.004954,0.004664,0.004395,0.004145,0.003913,0.003696,0.003494,0.003306,0.00313,0.002966
0,0.027873,0.055576,0.082543,0.107209,0.126304,0.135635,0.131346,0.119234,0.103453,0.088296,0.075186,0.06429,0.055346,0.048004,0.041944,0.036905,0.03268,0.029109,0.026066,0.023453,0.021196,0.019231,0.017512,0.016,0.014662,0.013474,0.012413,0.011463,0.010609,0.009838,0.00914,0.008506,0.007929,0.007403,0.006921,0.006479,0.006073,0.005699,0.005354,0.005036,0.004741,0.004467,0.004214,0.003978,0.003758,0.003553,0.003362,0.003184,0.003017
0,0.033393,0.067462,0.102597,0.138065,0.169555,0.185607,0.175862,0.149914,0.122981,0.100679,0.083258,0.069739,0.059151,0.050742,0.043969,0.038438,0.033866,0.030043,0.026814,0.024062,0.021698,0.019651,0.017867,0.016304,0.014925,0.013703,0.012615,0.011642,0.010769,0.009982,0.009271,0.008626,0.008039,0.007504,0.007015,0.006567,0.006155,0.005776,0.005427,0.005104,0.004806,0.004529,0.004272,0.004034,0.003812,0.003605,0.003412,0.003231,0.003062
0,0.037957,0.077681,0.121257,0.171225,0.228401,0.271952,0.243549,0.185415,0.141398,0.111,0.089499,0.073756,0.061869,0.052658,0.045365,0.039485,0.03467,0.030674,0.027319,0.024473,0.022038,0.019936,0.01811,0.016512,0.015106,0.013863,0.012757,0.011769,0.010884,0.010087,0.009367,0.008715,0.008122,0.007581,0.007087,0.006635,0.00622,0.005838,0.005485,0.00516,0.004859,0.00458,0.004321,0.004081,0.003857,0.003648,0.003453,0.003272,0.003102
0,0.04025,0.08297,0.131579,0.192476,0.282556,0.476387,0.33269,0.211025,0.151892,0.116286,0.092525,0.075647,0.063127,0.053537,0.046004,0.039964,0.03504,0.030967,0.027556,0.02467,0.022203,0.020078,0.018233,0.016621,0.015203,0.01395,0.012837,0.011843,0.010953,0.010151,0.009428,0.008772,0.008177,0.007634,0.007138,0.006683,0.006266,0.005883,0.005529,0.005202,0.0049,0.00462,0.00436,0.004118,0.003893,0.003684,0.003488,0.003305,0.003134
0,0.039462,0.08114,0.127947,0.184689,0.260104,0.347139,0.289537,0.201278,0.14818,0.114479,0.091516,0.075033,0.062731,0.053272,0.045822,0.039838,0.034952,0.030906,0.027515,0.024643,0.022188,0.020072,0.018234,0.016627,0.015214,0.013965,0.012855,0.011863,0.010975,0.010175,0.009453,0.008798,0.008203,0.007661,0.007166,0.006712,0.006295,0.005911,0.005558,0.005231,0.004929,0.004649,0.004389,0.004147,0.003922,0.003712,0.003516,0.003333,0.003161
0,0.035885,0.072991,0.112499,0.154966,0.197165,0.222057,0.205932,0.167545,0.132727,0.106337,0.086764,0.072046,0.060749,0.0519,0.044841,0.039118,0.034413,0.030496,0.027199,0.024397,0.021995,0.01992,0.018114,0.016533,0.01514,0.013907,0.01281,0.01183,0.01095,0.010158,0.009442,0.008793,0.008202,0.007664,0.007172,0.00672,0.006306,0.005924,0.005572,0.005247,0.004946,0.004666,0.004407,0.004166,0.003941,0.003732,0.003536,0.003353,0.003182
0,0.030684,0.061568,0.092458,0.121984,0.146138,0.157642,0.151712,0.133806,0.11317,0.094681,0.079469,0.06726,0.057479,0.049589,0.043161,0.037868,0.033464,0.029764,0.026627,0.023944,0.021633,0.019628,0.017878,0.016341,0.014983,0.013779,0.012705,0.011744,0.01088,0.010101,0.009396,0.008757,0.008174,0.007642,0.007156,0.00671,0.006299,0.005921,0.005572,0.00525,0.004951,0.004673,0.004416,0.004176,0.003952,0.003744,0.003549,0.003367,0.003196
0,0.025127,0.049828,0.073334,0.094131,0.109698,0.117147,0.11536,0.106529,0.094486,0.082176,0.071016,0.061418,0.05334,0.046585,0.040933,0.036184,0.032169,0.028753,0.025828,0.023306,0.021118,0.01921,0.017535,0.016058,0.014749,0.013584,0.012543,0.011608,0.010767,0.010007,0.009317,0.008691,0.00812,0.007598,0.007119,0.00668,0.006276,0.005903,0.005558,0.00524,0.004944,0.00467,0.004415,0.004177,0.003955,0.003749,0.003555,0.003374,0.003205
0,0.020051,0.039442,0.057324,0.072532,0.083643,0.089438,0.08966,0.085365,0.078373,0.070371,0.06246,0.055189,0.048752,0.043156,0.038331,0.034181,0.030606,0.027519,0.024842,0.02251,0.020471,0.018678,0.017096,0.015693,0.014444,0.013329,0.012328,0.011427,0.010613,0.009876,0.009207,0.008597,0.00804,0.00753,0.007062,0.006632,0.006236,0.00587,0.005531,0.005217,0.004926,0.004656,0.004404,0.004169,0.003951,0.003746,0.003555,0.003375,0.003207
0,0.015805,0.030947,0.044691,0.056216,0.064705,0.06959,0.070826,0.06898,0.06501,0.0599,0.054418,0.049052,0.044057,0.039541,0.035522,0.031976,0.028858,0.026119,0.023711,0.021589,0.019714,0.018052,0.016575,0.015257,0.014078,0.013019,0.012065,0.011203,0.010422,0.009713,0.009067,0.008477,0.007937,0.007442,0.006986,0.006567,0.00618,0.005822,0.005491,0.005183,0.004898,0.004632,0.004385,0.004154,0.003938,0.003736,0.003547,0.00337,0.003204
0,0.012421,0.024273,0.034976,0.043955,0.050715,0.054956,0.05668,0.056209,0.054083,0.050898,0.047174,0.043292,0.039497,0.035927,0.032646,0.029673,0.027002,0.024612,0.022478,0.020574,0.018873,0.017351,0.015987,0.014762,0.013658,0.012662,0.01176,0.010942,0.010198,0.00952,0.0089,0.008333,0.007812,0.007334,0.006893,0.006486,0.00611,0.005761,0.005438,0.005138,0.004859,0.004599,0.004356,0.00413,0.003918,0.00372,0.003534,0.003359,0.003196
0,0.009791,0.019129,0.027571,0.034712,0.040231,0.043947,0.045864,0.04617,0.045185,0.043281,0.040808,0.038051,0.035218,0.032444,0.02981,0.027358,0.025104,0.023049,0.021185,0.019497,0.017972,0.016594,0.015347,0.014218,0.013195,0.012265,0.01142,0.010649,0.009945,0.009301,0.00871,0.008167,0.007668,0.007208,0.006783,0.00639,0.006026,0.005688,0.005375,0.005083,0.004811,0.004557,0.00432,0.004098,0.003891,0.003696,0.003514,0.003343,0.003182
0,0.007769,0.015189,0.021929,0.027697,0.032272,0.035533,0.037476,0.038211,0.037934,0.036882,0.035293,0.033376,0.031296,0.029174,0.02709,0.025096,0.02322,0.021475,0.019865,0.018387,0.017034,0.015798,0.014669,0.013639,0.012698,0.011838,0.01105,0.010329,0.009667,0.009059,0.008499,0.007983,0.007507,0.007066,0.006659,0.006281,0.00593,0.005604,0.0053,0.005017,0.004753,0.004506,0.004276,0.00406,0.003857,0.003667,0.003489,0.003321,0.003163
0,0.006217,0.012169,0.01761,0.022326,0.026159,0.029019,0.030895,0.031851,0.032009,0.031523,0.030556,0.029258,0.02776,0.02616,0.024533,0.022932,0.021389,0.019924,0.018549,0.017268,0.016079,0.014981,0.013968,0.013035,0.012176,0.011386,0.010658,0.009987,0.009369,0.008798,0.00827,0.007782,0.00733,0.00691,0.006521,0.006159,0.005823,0.005509,0.005216,0.004943,0.004687,0.004448,0.004224,0.004014,0.003817,0.003632,0.003458,0.003294,0.00314
0,0.005021,0.009843,0.014281,0.018177,0.021412,0.023918,0.025679,0.026731,0.02715,0.027036,0.026503,0.02566,0.024605,0.023419,0.022166,0.020895,0.01964,0.018423,0.01726,0.016159,0.015125,0.014157,0.013255,0.012417,0.011639,0.010918,0.010249,0.009629,0.009054,0.008521,0.008027,0.007567,0.00714,0.006742,0.006372,0.006027,0.005705,0.005405,0.005124,0.004861,0.004614,0.004383,0.004166,0.003963,0.003772,0.003591,0.003422,0.003262,0.003112
0,0.004094,0.008038,0.011692,0.014939,0.017688,0.019883,0.021508,0.02258,0.023147,0.023276,0.023044,0.022531,0.021812,0.02095,0.019999,0.019002,0.017992,0.016991,0.016016,0.015078,0.014185,0.013339,0.012542,0.011794,0.011094,0.01044,0.009829,0.009259,0.008728,0.008233,0.007772,0.007341,0.006939,0.006564,0.006214,0.005886,0.00558,0.005292,0.005023,0.004771,0.004534,0.004312,0.004103,0.003906,0.00372,0.003546,0.003381,0.003226,0.003079
0,0.003369,0.006625,0.009662,0.012389,0.014737,0.016661,0.018143,0.019191,0.019834,0.020116,0.020092,0.019818,0.01935,0.01874,0.018031,0.017259,0.016454,0.015638,0.014828,0.014036,0.01327,0.012536,0.011837,0.011174,0.010547,0.009957,0.009403,0.008883,0.008394,0.007937,0.007508,0.007107,0.006731,0.006378,0.006047,0.005737,0.005446,0.005173,0.004916,0.004675,0.004448,0.004234,0.004033,0.003843,0.003665,0.003496,0.003336,0.003186,0.003043
0,0.002798,0.005509,0.008054,0.010361,0.012377,0.014065,0.015408,0.016407,0.01708,0.017455,0.01757,0.017467,0.017187,0.016771,0.016254,0.015665,0.015032,0.014373,0.013706,0.013042,0.01239,0.011757,0.011147,0.010562,0.010005,0.009477,0.008976,0.008503,0.008056,0.007635,0.007239,0.006866,0.006515,0.006185,0.005874,0.005582,0.005307,0.005048,0.004804,0.004573,0.004357,0.004152,0.003959,0.003776,0.003604,0.003441,0.003287,0.003142,0.003004
0,0.002343,0.00462,0.006769,0.008734,0.010474,0.011957,0.013169,0.014106,0.014778,0.015205,0.015412,0.01543,0.01529,0.015023,0.014656,0.014216,0.013724,0.013197,0.012652,0.0121,0.011549,0.011006,0.010477,0.009966,0.009473,0.009001,0.008551,0.008123,0.007717,0.007331,0.006966,0.006621,0.006295,0.005987,0.005696,0.005422,0.005162,0.004917,0.004686,0.004467,0.004261,0.004065,0.00388,0.003705,0.00354,0.003383,0.003235,0.003094,0.002961
0,0.001978,0.003905,0.005732,0.007417,0.008925,0.010232,0.011322,0.012192,0.012846,0.013297,0.013563,0.013665,0.013627,0.013472,0.013224,0.012903,0.012526,0.012111,0.01167,0.011214,0.010751,0.01029,0.009834,0.009388,0.008954,0.008536,0.008133,0.007747,0.007379,0.007027,0.006693,0.006375,0.006073,0.005787,0.005515,0.005258,0.005014,0.004783,0.004564,0.004357,0.004161,0.003975,0.003798,0.003631,0.003472,0.003322,0.003179,0.003043,0.002915
0,0.001683,0.003325,0.00489,0.006343,0.007656,0.008809,0.009789,0.010591,0.011216,0.011673,0.011973,0.012132,0.012168,0.012099,0.011943,0.011717,0.011435,0.011112,0.010758,0.010385,0.009999,0.009609,0.009218,0.008831,0.008452,0.008082,0.007724,0.007378,0.007045,0.006725,0.00642,0.006128,0.005849,0.005584,0.005332,0.005091,0.004863,0.004646,0.00444,0.004244,0.004058,0.003881,0.003713,0.003553,0.003402,0.003257,0.00312,0.00299,0.002866
0,0.001441,0.002851,0.004199,0.005459,0.006607,0.007628,0.008509,0.009245,0.009835,0.010285,0.010603,0.0108,0.010889,0.010884,0.010799,0.010647,0.010442,0.010195,0.009915,0.009613,0.009294,0.008966,0.008633,0.008299,0.007969,0.007643,0.007325,0.007016,0.006717,0.006428,0.006149,0.005882,0.005626,0.005381,0.005147,0.004923,0.00471,0.004507,0.004313,0.004128,0.003952,0.003785,0.003625,0.003473,0.003328,0.003191,0.003059,0.002934,0.002815
0,0.001243,0.00246,0.003628,0.004726,0.005735,0.00664,0.007433,0.008106,0.008659,0.009095,0.009419,0.009639,0.009765,0.009807,0.009777,0.009685,0.009541,0.009356,0.009139,0.008896,0.008634,0.00836,0.008078,0.007792,0.007506,0.007221,0.00694,0.006665,0.006396,0.006136,0.005883,0.005639,0.005405,0.005179,0.004963,0.004755,0.004556,0.004366,0.004185,0.004011,0.003845,0.003687,0.003535,0.003391,0.003253,0.003122,0.002996,0.002876,0.002762
0,0.001078,0.002135,0.003154,0.004115,0.005004,0.00581,0.006523,0.007138,0.007654,0.008071,0.008393,0.008626,0.008776,0.008853,0.008864,0.008818,0.008725,0.008591,0.008425,0.008232,0.00802,0.007793,0.007555,0.007311,0.007064,0.006816,0.006569,0.006325,0.006085,0.00585,0.005622,0.005401,0.005186,0.004979,0.00478,0.004587,0.004403,0.004225,0.004055,0.003892,0.003736,0.003587,0.003444,0.003307,0.003176,0.003051,0.002931,0.002817,0.002707
0,0.00094,0.001864,0.002756,0.003601,0.004389,0.005108,0.00575,0.006312,0.006791,0.007186,0.007501,0.007739,0.007905,0.008006,0.008048,0.008039,0.007985,0.007893,0.007769,0.007619,0.007449,0.007262,0.007064,0.006857,0.006644,0.006429,0.006212,0.005997,0.005783,0.005573,0.005368,0.005167,0.004971,0.004782,0.004598,0.004421,0.00425,0.004085,0.003926,0.003774,0.003627,0.003486,0.003351,0.003222,0.003098,0.002979,0.002865,0.002756,0.002651
0,0.000824,0.001635,0.00242,0.003168,0.003867,0.00451,0.00509,0.005603,0.006046,0.006419,0.006723,0.006961,0.007136,0.007254,0.007319,0.007338,0.007315,0.007257,0.007168,0.007054,0.006919,0.006768,0.006603,0.006428,0.006247,0.006061,0.005872,0.005682,0.005493,0.005305,0.00512,0.004939,0.004761,0.004588,0.00442,0.004256,0.004098,0.003945,0.003797,0.003655,0.003518,0.003385,0.003258,0.003136,0.003019,0.002906,0.002797,0.002693,0.002594
0,0.000726,0.001441,0.002136,0.002799,0.003422,0.003999,0.004524,0.004992,0.005402,0.005752,0.006043,0.006277,0.006456,0.006585,0.006667,0.006707,0.006709,0.006678,0.006618,0.006534,0.006429,0.006307,0.006172,0.006026,0.005871,0.005711,0.005547,0.005381,0.005214,0.005047,0.004881,0.004717,0.004556,0.004399,0.004245,0.004095,0.003949,0.003807,0.00367,0.003537,0.003408,0.003285,0.003165,0.00305,0.002939,0.002832,0.002729,0.00263,0.002535
0,0.000643,0.001276,0.001893,0.002483,0.003041,0.00356,0.004035,0.004463,0.004841,0.005169,0.005446,0.005674,0.005854,0.005989,0.006083,0.006139,0.00616,0.00615,0.006114,0.006055,0.005975,0.005879,0.005769,0.005648,0.005517,0.00538,0.005239,0.005093,0.004946,0.004798,0.00465,0.004503,0.004357,0.004214,0.004073,0.003936,0.003801,0.00367,0.003543,0.00342,0.0033,0.003184,0.003072,0.002963,0.002859,0.002758,0.00266,0.002567,0.002476
0,0.000571,0.001135,0.001684,0.002212,0.002713,0.003181,0.003612,0.004004,0.004353,0.004659,0.004921,0.005141,0.005319,0.005457,0.005559,0.005626,0.005662,0.00567,0.005653,0.005614,0.005556,0.005482,0.005393,0.005293,0.005184,0.005068,0.004946,0.004819,0.00469,0.004559,0.004427,0.004295,0.004164,0.004034,0.003906,0.00378,0.003657,0.003536,0.003419,0.003304,0.003192,0.003084,0.002979,0.002877,0.002779,0.002683,0.002591,0.002502,0.002417
0,0.00051,0.001013,0.001505,0.001978,0.002429,0.002852,0.003244,0.003602,0.003925,0.00421,0.004458,0.004668,0.004843,0.004982,0.005088,0.005164,0.005212,0.005233,0.005232,0.005209,0.005169,0.005113,0.005043,0.004962,0.004872,0.004773,0.004669,0.004559,0.004446,0.004331,0.004213,0.004096,0.003978,0.00386,0.003744,0.003629,0.003516,0.003405,0.003296,0.00319,0.003086,0.002985,0.002887,0.002792,0.002699,0.002609,0.002522,0.002438,0.002357
0,0.000457,0.000908,0.001349,0.001775,0.002182,0.002566,0.002923,0.003251,0.003549,0.003815,0.004048,0.004249,0.004418,0.004556,0.004665,0.004747,0.004803,0.004835,0.004846,0.004837,0.004812,0.004771,0.004718,0.004653,0.004578,0.004496,0.004407,0.004312,0.004214,0.004112,0.004009,0.003904,0.003798,0.003692,0.003586,0.003482,0.003378,0.003276,0.003176,0.003078,0.002982,0.002888,0.002796,0.002707,0.00262,0.002535,0.002453,0.002374,0.002297
0,0.00041,0.000816,0.001214,0.001598,0.001967,0.002315,0.002641,0.002943,0.003218,0.003465,0.003684,0.003875,0.004038,0.004174,0.004284,0.004369,0.004431,0.004472,0.004493,0.004496,0.004482,0.004455,0.004415,0.004364,0.004303,0.004235,0.004159,0.004078,0.003993,0.003904,0.003813,0.003719,0.003625,0.00353,0.003434,0.003339,0.003245,0.003151,0.003059,0.002968,0.002879,0.002792,0.002706,0.002623,0.002541,0.002462,0.002385,0.00231,0.002237
0,0.00037,0.000736,0.001095,0.001444,0.001778,0.002095,0.002393,0.00267,0.002925,0.003155,0.003361,0.003542,0.003699,0.003831,0.00394,0.004028,0.004094,0.004141,0.004169,0.004181,0.004178,0.004162,0.004133,0.004094,0.004046,0.003989,0.003926,0.003857,0.003784,0.003706,0.003626,0.003543,0.003459,0.003373,0.003287,0.003201,0.003115,0.003029,0.002944,0.002861,0.002778,0.002697,0.002618,0.00254,0.002464,0.002389,0.002317,0.002246,0.002177
0,0.000335,0.000666,0.000992,0.001308,0.001612,0.001902,0.002175,0.00243,0.002665,0.002879,0.003072,0.003244,0.003394,0.003522,0.00363,0.003718,0.003787,0.003838,0.003873,0.003892,0.003897,0.00389,0.003871,0.003843,0.003805,0.003759,0.003706,0.003648,0.003585,0.003518,0.003447,0.003374,0.003299,0.003223,0.003145,0.003067,0.002989,0.002911,0.002833,0.002756,0.00268,0.002605,0.002531,0.002458,0.002387,0.002318,0.002249,0.002183,0.002118
0,0.000304,0.000605,0.0009,0.001188,0.001465,0.00173,0.001981,0.002216,0.002434,0.002633,0.002814,0.002976,0.003119,0.003243,0.003349,0.003437,0.003507,0.003562,0.003601,0.003626,0.003638,0.003639,0.003628,0.003608,0.003579,0.003543,0.0035,0.003451,0.003397,0.003339,0.003278,0.003213,0.003147,0.003078,0.003009,0.002938,0.002867,0.002796,0.002725,0.002654,0.002584,0.002514,0.002446,0.002378,0.002312,0.002247,0.002183,0.00212,0.002059
0,0.000276,0.00055,0.000819,0.001082,0.001335,0.001578,0.001809,0.002026,0.002228,0.002414,0.002583,0.002736,0.002872,0.002992,0.003094,0.003181,0.003252,0.003309,0.003352,0.003381,0.003399,0.003406,0.003402,0.00339,0.003369,0.00334,0.003305,0.003265,0.003219,0.003169,0.003116,0.00306,0.003001,0.00294,0.002877,0.002814,0.00275,0.002685,0.00262,0.002555,0.00249,0.002426,0.002363,0.0023,0.002238,0.002177,0.002117,0.002059,0.002001
0,0.000252,0.000502,0.000748,0.000988,0.00122,0.001443,0.001656,0.001856,0.002043,0.002217,0.002376,0.00252,0.002649,0.002764,0.002863,0.002948,0.00302,0.003078,0.003123,0.003156,0.003178,0.00319,0.003192,0.003186,0.003172,0.00315,0.003123,0.003089,0.003051,0.003009,0.002962,0.002913,0.002861,0.002807,0.002752,0.002694,0.002636,0.002577,0.002518,0.002459,0.002399,0.00234,0.002282,0.002223,0.002166,0.002109,0.002053,0.001998,0.001944
0,0.00023,0.000459,0.000684,0.000904,0.001117,0.001323,0.001518,0.001704,0.001878,0.00204,0.002189,0.002325,0.002448,0.002557,0.002653,0.002736,0.002807,0.002865,0.002912,0.002948,0.002974,0.00299,0.002997,0.002996,0.002987,0.002972,0.002951,0.002924,0.002892,0.002856,0.002817,0.002774,0.002728,0.002681,0.002631,0.00258,0.002527,0.002474,0.00242,0.002366,0.002311,0.002257,0.002202,0.002148,0.002095,0.002042,0.00199,0.001938,0.001888
0,0.000211,0.000421,0.000627,0.000829,0.001025,0.001215,0.001396,0.001567,0.001729,0.00188,0.00202,0.002148,0.002265,0.002369,0.002462,0.002543,0.002612,0.002671,0.002719,0.002757,0.002785,0.002805,0.002816,0.002819,0.002815,0.002805,0.002789,0.002768,0.002742,0.002712,0.002678,0.002641,0.002602,0.002559,0.002515,0.002469,0.002422,0.002374,0.002325,0.002275,0.002226,0.002175,0.002125,0.002075,0.002026,0.001977,0.001928,0.00188,0.001832
0,0.000194,0.000386,0.000576,0.000762,0.000943,0.001118,0.001285,0.001445,0.001595,0.001736,0.001868,0.001989,0.002099,0.002198,0.002287,0.002366,0.002434,0.002492,0.002541,0.00258,0.00261,0.002632,0.002647,0.002654,0.002655,0.002649,0.002638,0.002622,0.002601,0.002576,0.002547,0.002515,0.002481,0.002444,0.002405,0.002364,0.002321,0.002278,0.002233,0.002188,0.002143,0.002097,0.002051,0.002004,0.001958,0.001913,0.001867,0.001822,0.001778
0,0.000178,0.000356,0.000531,0.000702,0.000869,0.001031,0.001186,0.001334,0.001474,0.001606,0.001729,0.001843,0.001948,0.002043,0.002128,0.002204,0.002271,0.002328,0.002376,0.002417,0.002449,0.002473,0.00249,0.0025,0.002504,0.002503,0.002495,0.002484,0.002467,0.002447,0.002423,0.002396,0.002366,0.002333,0.002299,0.002262,0.002225,0.002185,0.002145,0.002104,0.002062,0.00202,0.001978,0.001935,0.001893,0.00185,0.001808,0.001766,0.001724
0,0.000165,0.000328,0.000489,0.000648,0.000802,0.000952,0.001096,0.001234,0.001365,0.001488,0.001604,0.001711,0.00181,0.001901,0.001983,0.002056,0.00212,0.002177,0.002225,0.002266,0.002299,0.002325,0.002344,0.002357,0.002364,0.002365,0.002362,0.002354,0.002341,0.002325,0.002305,0.002282,0.002256,0.002228,0.002198,0.002166,0.002132,0.002097,0.00206,0.002023,0.001985,0.001946,0.001907,0.001868,0.001829,0.001789,0.00175,0.001711,0.001672
0,0.000152,0.000303,0.000452,0.000599,0.000742,0.000881,0.001015,0.001143,0.001266,0.001381,0.00149,0.001591,0.001685,0.001771,0.001849,0.00192,0.001982,0.002037,0.002085,0.002126,0.00216,0.002187,0.002208,0.002223,0.002232,0.002237,0.002236,0.002231,0.002222,0.002209,0.002193,0.002174,0.002152,0.002128,0.002101,0.002073,0.002043,0.002011,0.001978,0.001945,0.00191,0.001875,0.001839,0.001803,0.001767,0.00173,0.001694,0.001657,0.001621
0,0.000141,0.000281,0.000419,0.000555,0.000688,0.000817,0.000942,0.001061,0.001176,0.001284,0.001386,0.001481,0.00157,0.001652,0.001727,0.001794,0.001855,0.001909,0.001956,0.001997,0.002031,0.002059,0.002081,0.002098,0.002109,0.002116,0.002118,0.002116,0.00211,0.002101,0.002088,0.002072,0.002053,0.002032,0.002009,0.001984,0.001957,0.001929,0.0019,0.001869,0.001838,0.001806,0.001773,0.00174,0.001706,0.001673,0.001639,0.001605,0.001571
0,0.00013,0.00026,0.000388,0.000515,0.000638,0.000758,0.000875,0.000986,0.001093,0.001195,0.001291,0.001381,0.001465,0.001543,0.001614,0.001679,0.001738,0.00179,0.001837,0.001877,0.001911,0.00194,0.001963,0.001981,0.001994,0.002003,0.002007,0.002008,0.002004,0.001998,0.001988,0.001975,0.001959,0.001941,0.001921,0.001899,0.001876,0.001851,0.001824,0.001797,0.001768,0.001739,0.001709,0.001679,0.001648,0.001617,0.001585,0.001554,0.001522
0,0.000121,0.000242,0.000361,0.000478,0.000593,0.000705,0.000814,0.000918,0.001018,0.001114,0.001204,0.001289,0.001369,0.001443,0.001511,0.001573,0.00163,0.001681,0.001726,0.001765,0.0018,0.001829,0.001853,0.001872,0.001887,0.001897,0.001903,0.001906,0.001905,0.0019,0.001893,0.001883,0.00187,0.001855,0.001838,0.001819,0.001798,0.001776,0.001752,0.001727,0.001701,0.001675,0.001647,0.001619,0.001591,0.001562,0.001533,0.001504,0.001475
0,0.000113,0.000225,0.000336,0.000445,0.000552,0.000657,0.000758,0.000856,0.00095,0.00104,0.001125,0.001205,0.001281,0.001351,0.001416,0.001476,0.00153,0.001579,0.001623,0.001662,0.001696,0.001725,0.00175,0.00177,0.001786,0.001797,0.001805,0.00181,0.00181,0.001808,0.001803,0.001795,0.001785,0.001772,0.001758,0.001741,0.001723,0.001703,0.001682,0.00166,0.001637,0.001613,0.001588,0.001562,0.001536,0.00151,0.001483,0.001456,0.001428
0,0.000105,0.000209,0.000313,0.000415,0.000515,0.000613,0.000707,0.000799,0.000887,0.000972,0.001052,0.001128,0.001199,0.001266,0.001328,0.001385,0.001438,0.001485,0.001528,0.001566,0.0016,0.001629,0.001654,0.001674,0.001691,0.001704,0.001713,0.001719,0.001722,0.001721,0.001718,0.001713,0.001704,0.001694,0.001682,0.001668,0.001652,0.001634,0.001616,0.001596,0.001575,0.001553,0.00153,0.001507,0.001483,0.001459,0.001434,0.001409,0.001383
0,9.8e-005,0.000195,0.000292,0.000387,0.000481,0.000572,0.000661,0.000747,0.00083,0.000909,0.000985,0.001057,0.001124,0.001188,0.001247,0.001302,0.001352,0.001398,0.00144,0.001477,0.00151,0.001539,0.001564,0.001585,0.001602,0.001616,0.001627,0.001634,0.001638,0.001639,0.001638,0.001634,0.001628,0.001619,0.001609,0.001597,0.001583,0.001568,0.001552,0.001534,0.001515,0.001495,0.001475,0.001454,0.001432,0.001409,0.001386,0.001363,0.00134
0,9.1e-005,0.000183,0.000273,0.000362,0.000449,0.000535,0.000618,0.000699,0.000777,0.000852,0.000923,0.000991,0.001055,0.001116,0.001172,0.001225,0.001273,0.001317,0.001358,0.001394,0.001427,0.001455,0.00148,0.001502,0.001519,0.001534,0.001545,0.001553,0.001559,0.001562,0.001562,0.001559,0.001555,0.001549,0.00154,0.00153,0.001518,0.001505,0.00149,0.001475,0.001458,0.00144,0.001421,0.001402,0.001382,0.001361,0.00134,0.001319,0.001297
0,8.6e-005,0.000171,0.000255,0.000339,0.000421,0.000501,0.000579,0.000655,0.000728,0.000799,0.000866,0.000931,0.000992,0.001049,0.001103,0.001153,0.0012,0.001242,0.001281,0.001317,0.001349,0.001377,0.001402,0.001423,0.001441,0.001456,0.001469,0.001478,0.001484,0.001488,0.00149,0.001489,0.001486,0.001481,0.001474,0.001466,0.001456,0.001444,0.001432,0.001418,0.001403,0.001387,0.00137,0.001352,0.001334,0.001315,0.001296,0.001276,0.001256
0,8e-005,0.00016,0.000239,0.000317,0.000394,0.00047,0.000543,0.000615,0.000684,0.00075,0.000814,0.000875,0.000933,0.000987,0.001039,0.001087,0.001131,0.001172,0.00121,0.001245,0.001276,0.001304,0.001328,0.00135,0.001368,0.001384,0.001396,0.001406,0.001414,0.001419,0.001421,0.001422,0.00142,0.001417,0.001412,0.001405,0.001396,0.001387,0.001375,0.001363,0.00135,0.001335,0.00132,0.001304,0.001288,0.00127,0.001253,0.001234,0.001216
0,7.5e-005,0.00015,0.000224,0.000298,0.00037,0.000441,0.00051,0.000577,0.000642,0.000705,0.000765,0.000823,0.000878,0.00093,0.000979,0.001025,0.001068,0.001107,0.001144,0.001177,0.001208,0.001235,0.001259,0.001281,0.001299,0.001315,0.001328,0.001339,0.001347,0.001353,0.001357,0.001358,0.001358,0.001356,0.001352,0.001346,0.00134,0.001331,0.001322,0.001311,0.001299,0.001286,0.001273,0.001258,0.001243,0.001227,0.001211,0.001194,0.001177
0,7.1e-005,0.000141,0.000211,0.00028,0.000347,0.000414,0.000479,0.000543,0.000604,0.000664,0.000721,0.000775,0.000827,0.000877,0.000924,0.000968,0.001009,0.001047,0.001082,0.001115,0.001144,0.001171,0.001195,0.001216,0.001235,0.001251,0.001264,0.001275,0.001284,0.001291,0.001296,0.001298,0.001299,0.001298,0.001295,0.001291,0.001285,0.001278,0.00127,0.001261,0.00125,0.001239,0.001227,0.001214,0.0012,0.001185,0.001171,0.001155,0.001139
0,6.6e-005,0.000132,0.000198,0.000263,0.000327,0.00039,0.000451,0.000511,0.000569,0.000625,0.000679,0.000731,0.00078,0.000828,0.000872,0.000914,0.000954,0.00099,0.001025,0.001056,0.001085,0.001111,0.001134,0.001155,0.001174,0.00119,0.001204,0.001215,0.001225,0.001232,0.001237,0.001241,0.001243,0.001243,0.001241,0.001238,0.001233,0.001228,0.001221,0.001212,0.001203,0.001193,0.001182,0.001171,0.001158,0.001145,0.001131,0.001117,0.001103
0,6.2e-005,0.000125,0.000186,0.000247,0.000308,0.000367,0.000425,0.000481,0.000536,0.000589,0.000641,0.00069,0.000737,0.000782,0.000824,0.000865,0.000902,0.000938,0.000971,0.001001,0.001029,0.001055,0.001078,0.001098,0.001117,0.001133,0.001147,0.001159,0.001169,0.001176,0.001182,0.001187,0.001189,0.00119,0.001189,0.001187,0.001184,0.001179,0.001173,0.001166,0.001158,0.00115,0.00114,0.001129,0.001118,0.001106,0.001094,0.001081,0.001067
0,5.9e-005,0.000117,0.000176,0.000233,0.00029,0.000346,0.0004,0.000454,0.000506,0.000556,0.000605,0.000651,0.000696,0.000739,0.00078,0.000818,0.000854,0.000888,0.00092,0.00095,0.000977,0.001002,0.001024,0.001045,0.001063,0.001079,0.001093,0.001105,0.001115,0.001124,0.00113,0.001135,0.001138,0.00114,0.00114,0.001139,0.001137,0.001133,0.001128,0.001122,0.001115,0.001108,0.001099,0.00109,0.001079,0.001069,0.001057,0.001046,0.001033
0,5.5e-005,0.000111,0.000166,0.00022,0.000273,0.000326,0.000378,0.000428,0.000478,0.000525,0.000571,0.000616,0.000659,0.000699,0.000738,0.000775,0.00081,0.000842,0.000873,0.000901,0.000928,0.000952,0.000974,0.000994,0.001012,0.001028,0.001042,0.001055,0.001065,0.001074,0.001081,0.001086,0.00109,0.001092,0.001093,0.001093,0.001091,0.001089,0.001085,0.00108,0.001074,0.001067,0.00106,0.001051,0.001042,0.001032,0.001022,0.001011,0.001
0,5.2e-005,0.000104,0.000156,0.000208,0.000258,0.000308,0.000357,0.000405,0.000451,0.000497,0.00054,0.000583,0.000623,0.000662,0.000699,0.000735,0.000768,0.000799,0.000829,0.000856,0.000882,0.000905,0.000927,0.000947,0.000965,0.00098,0.000995,0.001007,0.001018,0.001027,0.001034,0.00104,0.001044,0.001047,0.001049,0.001049,0.001048,0.001046,0.001043,0.001039,0.001034,0.001028,0.001022,0.001014,0.001006,0.000998,0.000988,0.000978,0.000968
0,4.9e-005,9.9e-005,0.000148,0.000196,0.000244,0.000291,0.000338,0.000383,0.000427,0.00047,0.000512,0.000552,0.00059,0.000628,0.000663,0.000697,0.000729,0.000759,0.000787,0.000814,0.000839,0.000862,0.000883,0.000902,0.000919,0.000935,0.000949,0.000962,0.000973,0.000982,0.000989,0.000996,0.001001,0.001004,0.001006,0.001007,0.001007,0.001006,0.001004,0.001,0.000996,0.000991,0.000985,0.000979,0.000972,0.000964,0.000955,0.000947,0.000937
0,4.7e-005,9.3e-005,0.00014,0.000185,0.000231,0.000275,0.000319,0.000362,0.000404,0.000445,0.000485,0.000523,0.00056,0.000595,0.000629,0.000661,0.000692,0.000721,0.000748,0.000774,0.000798,0.00082,0.000841,0.00086,0.000877,0.000893,0.000907,0.000919,0.00093,0.000939,0.000947,0.000954,0.000959,0.000963,0.000966,0.000967,0.000968,0.000967,0.000966,0.000963,0.00096,0.000956,0.000951,0.000945,0.000938,0.000931,0.000924,0.000916,0.000907
0,4.4e-005,8.8e-005,0.000132,0.000176,0.000219,0.000261,0.000302,0.000343,0.000383,0.000422,0.000459,0.000496,0.000531,0.000565,0.000597,0.000628,0.000658,0.000686,0.000712,0.000737,0.00076,0.000781,0.000802,0.00082,0.000837,0.000852,0.000866,0.000878,0.000889,0.000899,0.000907,0.000914,0.00092,0.000924,0.000927,0.000929,0.00093,0.00093,0.000929,0.000927,0.000925,0.000921,0.000917,0.000912,0.000906,0.0009,0.000893,0.000886,0.000878
0,4.2e-005,8.4e-005,0.000125,0.000166,0.000207,0.000247,0.000287,0.000325,0.000363,0.0004,0.000436,0.000471,0.000504,0.000537,0.000568,0.000597,0.000625,0.000652,0.000678,0.000702,0.000724,0.000745,0.000764,0.000782,0.000799,0.000814,0.000828,0.00084,0.000851,0.000861,0.000869,0.000876,0.000882,0.000887,0.00089,0.000893,0.000894,0.000895,0.000895,0.000893,0.000891,0.000888,0.000885,0.00088,0.000876,0.00087,0.000864,0.000857,0.00085
0,4e-005,7.9e-005,0.000119,0.000158,0.000196,0.000234,0.000272,0.000309,0.000345,0.00038,0.000414,0.000447,0.000479,0.00051,0.00054,0.000568,0.000595,0.000621,0.000645,0.000668,0.00069,0.00071,0.000729,0.000747,0.000763,0.000778,0.000792,0.000804,0.000815,0.000824,0.000833,0.00084,0.000846,0.000851,0.000855,0.000858,0.00086,0.000861,0.000861,0.000861,0.000859,0.000857,0.000854,0.00085,0.000846,0.000841,0.000836,0.00083,0.000823
0,3.8e-005,7.5e-005,0.000113,0.00015,0.000186,0.000223,0.000258,0.000293,0.000327,0.000361,0.000393,0.000425,0.000456,0.000485,0.000513,0.000541,0.000567,0.000591,0.000615,0.000637,0.000658,0.000678,0.000696,0.000714,0.000729,0.000744,0.000757,0.000769,0.00078,0.00079,0.000798,0.000806,0.000812,0.000817,0.000822,0.000825,0.000827,0.000829,0.000829,0.000829,0.000828,0.000826,0.000824,0.000821,0.000817,0.000813,0.000808,0.000803,0.000797
0,3.6e-005,7.1e-005,0.000107,0.000142,0.000177,0.000211,0.000245,0.000279,0.000311,0.000343,0.000374,0.000404,0.000433,0.000462,0.000489,0.000515,0.00054,0.000564,0.000586,0.000608,0.000628,0.000647,0.000665,0.000682,0.000697,0.000712,0.000725,0.000737,0.000747,0.000757,0.000766,0.000773,0.00078,0.000785,0.00079,0.000793,0.000796,0.000798,0.000799,0.000799,0.000799,0.000797,0.000795,0.000793,0.00079,0.000786,0.000782,0.000777,0.000772
0,3.4e-005,6.8e-005,0.000102,0.000135,0.000168,0.000201,0.000233,0.000265,0.000296,0.000326,0.000356,0.000385,0.000413,0.00044,0.000466,0.000491,0.000515,0.000538,0.000559,0.00058,0.0006,0.000618,0.000636,0.000652,0.000667,0.000681,0.000694,0.000706,0.000716,0.000726,0.000735,0.000742,0.000749,0.000754,0.000759,0.000763,0.000766,0.000768,0.00077,0.00077,0.00077,0.000769,0.000768,0.000766,0.000763,0.00076,0.000756,0.000752,0.000747
0,3.2e-005,6.5e-005,9.7e-005,0.000128,0.00016,0.000191,0.000222,0.000252,0.000282,0.000311,0.000339,0.000366,0.000393,0.000419,0.000444,0.000468,0.000491,0.000513,0.000534,0.000554,0.000573,0.000591,0.000608,0.000624,0.000638,0.000652,0.000665,0.000676,0.000687,0.000696,0.000705,0.000713,0.000719,0.000725,0.00073,0.000734,0.000737,0.00074,0.000742,0.000743,0.000743,0.000742,0.000741,0.00074,0.000738,0.000735,0.000732,0.000728,0.000724
0,3.1e-005,6.1e-005,9.2e-005,0.000122,0.000152,0.000182,0.000211,0.00024,0.000268,0.000296,0.000323,0.000349,0.000375,0.000399,0.000423,0.000446,0.000469,0.00049,0.00051,0.000529,0.000548,0.000565,0.000581,0.000597,0.000611,0.000625,0.000637,0.000648,0.000659,0.000668,0.000677,0.000685,0.000691,0.000697,0.000702,0.000707,0.00071,0.000713,0.000715,0.000716,0.000717,0.000717,0.000716,0.000715,0.000713,0.000711,0.000708,0.000705,0.000701
0,2.9e-005,5.8e-005,8.8e-005,0.000116,0.000145,0.000173,0.000201,0.000229,0.000256,0.000282,0.000308,0.000333,0.000357,0.000381,0.000404,0.000426,0.000447,0.000468,0.000487,0.000506,0.000524,0.000541,0.000556,0.000571,0.000585,0.000598,0.000611,0.000622,0.000632,0.000642,0.00065,0.000658,0.000665,0.000671,0.000676,0.00068,0.000684,0.000687,0.000689,0.000691,0.000692,0.000692,0.000692,0.000691,0.00069,0.000688,0.000685,0.000682,0.000679
0,2.8e-005,5.6e-005,8.3e-005,0.000111,0.000138,0.000165,0.000192,0.000218,0.000244,0.000269,0.000294,0.000318,0.000341,0.000364,0.000386,0.000407,0.000428,0.000447,0.000466,0.000484,0.000501,0.000517,0.000533,0.000547,0.000561,0.000574,0.000586,0.000597,0.000607,0.000616,0.000625,0.000632,0.000639,0.000645,0.00065,0.000655,0.000659,0.000662,0.000664,0.000666,0.000668,0.000668,0.000668,0.000668,0.000667,0.000665,0.000663,0.000661,0.000658
0,2.7e-005,5.3e-005,8e-005,0.000106,0.000132,0.000158,0.000183,0.000208,0.000233,0.000257,0.00028,0.000303,0.000326,0.000348,0.000369,0.000389,0.000409,0.000428,0.000446,0.000463,0.00048,0.000496,0.00051,0.000525,0.000538,0.00055,0.000562,0.000573,0.000583,0.000592,0.0006,0.000608,0.000615,0.000621,0.000626,0.000631,0.000635,0.000638,0.000641,0.000643,0.000644,0.000645,0.000646,0.000646,0.000645,0.000644,0.000642,0.00064,0.000638
0,2.5e-005,5.1e-005,7.6e-005,0.000101,0.000126,0.00015,0.000175,0.000199,0.000222,0.000245,0.000268,0.00029,0.000311,0.000332,0.000352,0.000372,0.000391,0.000409,0.000427,0.000443,0.000459,0.000475,0.000489,0.000503,0.000516,0.000528,0.000539,0.00055,0.00056,0.000569,0.000577,0.000585,0.000591,0.000598,0.000603,0.000608,0.000612,0.000615,0.000618,0.000621,0.000622,0.000623,0.000624,0.000624,0.000624,0.000623,0.000622,0.00062,0.000618
0,2.4e-005,4.8e-005,7.2e-005,9.6e-005,0.00012,0.000144,0.000167,0.00019,0.000212,0.000234,0.000256,0.000277,0.000298,0.000318,0.000337,0.000356,0.000374,0.000392,0.000409,0.000425,0.00044,0.000455,0.000469,0.000482,0.000495,0.000507,0.000518,0.000528,0.000538,0.000547,0.000555,0.000562,0.000569,0.000575,0.000581,0.000586,0.00059,0.000594,0.000597,0.000599,0.000601,0.000602,0.000603,0.000604,0.000603,0.000603,0.000602,0.000601,0.000599
0,2.3e-005,4.6e-005,6.9e-005,9.2e-005,0.000115,0.000137,0.000159,0.000181,0.000203,0.000224,0.000245,0.000265,0.000285,0.000304,0.000323,0.000341,0.000358,0.000375,0.000391,0.000407,0.000422,0.000436,0.00045,0.000463,0.000475,0.000487,0.000497,0.000508,0.000517,0.000526,0.000534,0.000541,0.000548,0.000554,0.00056,0.000565,0.000569,0.000573,0.000576,0.000578,0.000581,0.000582,0.000583,0.000584,0.000584,0.000584,0.000583,0.000582,0.00058
0,2.2e-005,4.4e-005,6.6e-005,8.8e-005,0.00011,0.000131,0.000152,0.000173,0.000194,0.000214,0.000234,0.000253,0.000272,0.000291,0.000309,0.000326,0.000343,0.000359,0.000375,0.00039,0.000405,0.000419,0.000432,0.000444,0.000456,0.000467,0.000478,0.000488,0.000497,0.000506,0.000514,0.000521,0.000528,0.000534,0.00054,0.000544,0.000549,0.000553,0.000556,0.000559,0.000561,0.000563,0.000564,0.000565,0.000565,0.000565,0.000565,0.000564,0.000563
0,2.1e-005,4.2e-005,6.3e-005,8.4e-005,0.000105,0.000125,0.000146,0.000166,0.000186,0.000205,0.000224,0.000243,0.000261,0.000279,0.000296,0.000313,0.000329,0.000345,0.00036,0.000374,0.000388,0.000402,0.000414,0.000427,0.000438,0.000449,0.000459,0.000469,0.000478,0.000487,0.000495,0.000502,0.000509,0.000515,0.00052,0.000525,0.00053,0.000533,0.000537,0.00054,0.000542,0.000544,0.000545,0.000546,0.000547,0.000547,0.000547,0.000546,0.000545
0,2e-005,4e-005,6.1e-005,8.1e-005,0.0001,0.00012,0.00014,0.000159,0.000178,0.000196,0.000215,0.000232,0.00025,0.000267,0.000284,0.0003,0.000315,0.000331,0.000345,0.000359,0.000373,0.000386,0.000398,0.00041,0.000421,0.000432,0.000442,0.000451,0.00046,0.000469,0.000476,0.000483,0.00049,0.000496,0.000502,0.000507,0.000511,0.000515,0.000518,0.000521,0.000524,0.000526,0.000528,0.000529,0.00053,0.00053,0.00053,0.00053,0.000529
0,1.9e-005,3.9e-005,5.8e-005,7.7e-005,9.6e-005,0.000115,0.000134,0.000152,0.00017,0.000188,0.000206,0.000223,0.00024,0.000256,0.000272,0.000287,0.000303,0.000317,0.000331,0.000345,0.000358,0.00037,0.000382,0.000394,0.000405,0.000415,0.000425,0.000434,0.000443,0.000451,0.000459,0.000466,0.000472,0.000478,0.000484,0.000489,0.000493,0.000497,0.000501,0.000504,0.000507,0.000509,0.00051,0.000512,0.000513,0.000513,0.000514,0.000513,0.000513
0,1.9e-005,3.7e-005,5.6e-005,7.4e-005,9.2e-005,0.00011,0.000128,0.000146,0.000163,0.00018,0.000197,0.000214,0.00023,0.000245,0.000261,0.000276,0.00029,0.000304,0.000318,0.000331,0.000344,0.000356,0.000368,0.000379,0.000389,0.000399,0.000409,0.000418,0.000427,0.000435,0.000442,0.000449,0.000455,0.000461,0.000467,0.000472,0.000476,0.00048,0.000484,0.000487,0.00049,0.000492,0.000494,0.000495,0.000497,0.000497,0.000498,0.000498,0.000497
0,1.8e-005,3.6e-005,5.3e-005,7.1e-005,8.8e-005,0.000106,0.000123,0.00014,0.000156,0.000173,0.000189,0.000205,0.00022,0.000236,0.00025,0.000265,0.000279,0.000292,0.000305,0.000318,0.00033,0.000342,0.000353,0.000364,0.000375,0.000384,0.000394,0.000403,0.000411,0.000419,0.000426,0.000433,0.000439,0.000445,0.000451,0.000456,0.00046,0.000464,0.000468,0.000471,0.000474,0.000476,0.000478,0.00048,0.000481,0.000482,0.000482,0.000483,0.000483
0,1.7e-005,3.4e-005,5.1e-005,6.8e-005,8.5e-005,0.000101,0.000118,0.000134,0.00015,0.000166,0.000181,0.000197,0.000212,0.000226,0.00024,0.000254,0.000268,0.000281,0.000294,0.000306,0.000318,0.000329,0.00034,0.00035,0.000361,0.00037,0.000379,0.000388,0.000396,0.000404,0.000411,0.000418,0.000424,0.00043,0.000435,0.00044,0.000444,0.000449,0.000452,0.000455,0.000458,0.000461,0.000463,0.000465,0.000466,0.000467,0.000468,0.000468,0.000468
0,1.6e-005,3.3e-005,4.9e-005,6.5e-005,8.1e-005,9.7e-005,0.000113,0.000129,0.000144,0.000159,0.000174,0.000189,0.000203,0.000217,0.000231,0.000244,0.000257,0.00027,0.000282,0.000294,0.000306,0.000317,0.000327,0.000337,0.000347,0.000356,0.000365,0.000374,0.000382,0.000389,0.000396,0.000403,0.000409,0.000415,0.00042,0.000425,0.000429,0.000434,0.000437,0.000441,0.000443,0.000446,0.000448,0.00045,0.000451,0.000453,0.000453,0.000454,0.000454
0,1.6e-005,3.1e-005,4.7e-005,6.3e-005,7.8e-005,9.3e-005,0.000108,0.000123,0.000138,0.000153,0.000167,0.000181,0.000195,0.000209,0.000222,0.000235,0.000247,0.00026,0.000271,0.000283,0.000294,0.000305,0.000315,0.000325,0.000334,0.000343,0.000352,0.00036,0.000368,0.000375,0.000382,0.000389,0.000395,0.000401,0.000406,0.000411,0.000415,0.000419,0.000423,0.000426,0.000429,0.000432,0.000434,0.000436,0.000438,0.000439,0.00044,0.00044,0.000441
0,1.5e-005,3e-005,4.5e-005,6e-005,7.5e-005,9e-005,0.000104,0.000119,0.000133,0.000147,0.000161,0.000174,0.000188,0.000201,0.000213,0.000226,0.000238,0.00025,0.000261,0.000272,0.000283,0.000293,0.000303,0.000313,0.000322,0.000331,0.000339,0.000347,0.000355,0.000362,0.000369,0.000375,0.000381,0.000387,0.000392,0.000397,0.000401,0.000405,0.000409,0.000412,0.000415,0.000418,0.00042,0.000422,0.000424,0.000425,0.000427,0.000427,0.000428
0,1.4e-005,2.9e-005,4.3e-005,5.8e-005,7.2e-005,8.6e-005,0.0001,0.000114,0.000128,0.000141,0.000154,0.000167,0.00018,0.000193,0.000205,0.000217,0.000229,0.00024,0.000251,0.000262,0.000272,0.000282,0.000292,0.000301,0.00031,0.000319,0.000327,0.000335,0.000342,0.000349,0.000356,0.000362,0.000368,0.000374,0.000379,0.000384,0.000388,0.000392,0.000396,0.000399,0.000402,0.000405,0.000407,0.000409,0.000411,0.000413,0.000414,0.000415,0.000415
0,1.4e-005,2.8e-005,4.2e-005,5.5e-005,6.9e-005,8.3e-005,9.6e-005,0.00011,0.000123,0.000136,0.000148,0.000161,0.000173,0.000186,0.000197,0.000209,0.00022,0.000231,0.000242,0.000252,0.000262,0.000272,0.000282,0.000291,0.000299,0.000308,0.000316,0.000323,0.00033,0.000337,0.000344,0.00035,0.000356,0.000361,0.000366,0.000371,0.000375,0.000379,0.000383,0.000386,0.00039,0.000392,0.000395,0.000397,0.000399,0.0004,0.000401,0.000402,0.000403
0,1.3e-005,2.7e-005,4e-005,5.3e-005,6.6e-005,8e-005,9.3e-005,0.000105,0.000118,0.000131,0.000143,0.000155,0.000167,0.000179,0.00019,0.000201,0.000212,0.000223,0.000233,0.000243,0.000253,0.000262,0.000271,0.00028,0.000289,0.000297,0.000304,0.000312,0.000319,0.000326,0.000332,0.000338,0.000344,0.000349,0.000354,0.000359,0.000363,0.000367,0.000371,0.000374,0.000377,0.00038,0.000383,0.000385,0.000387,0.000388,0.00039,0.000391,0.000391
0,1.3e-005,2.6e-005,3.9e-005,5.1e-005,6.4e-005,7.7e-005,8.9e-005,0.000101,0.000114,0.000126,0.000137,0.000149,0.000161,0.000172,0.000183,0.000194,0.000204,0.000215,0.000225,0.000234,0.000244,0.000253,0.000262,0.00027,0.000278,0.000286,0.000294,0.000301,0.000308,0.000315,0.000321,0.000327,0.000332,0.000338,0.000343,0.000347,0.000351,0.000355,0.000359,0.000362,0.000366,0.000368,0.000371,0.000373,0.000375,0.000377,0.000378,0.000379,0.00038
0,1.2e-005,2.5e-005,3.7e-005,4.9e-005,6.2e-005,7.4e-005,8.6e-005,9.8e-005,0.000109,0.000121,0.000132,0.000144,0.000155,0.000166,0.000176,0.000187,0.000197,0.000207,0.000216,0.000226,0.000235,0.000244,0.000252,0.000261,0.000269,0.000276,0.000284,0.000291,0.000297,0.000304,0.00031,0.000316,0.000321,0.000326,0.000331,0.000336,0.00034,0.000344,0.000348,0.000351,0.000354,0.000357,0.00036,0.000362,0.000364,0.000366,0.000367,0.000368,0.000369
0,1.2e-005,2.4e-005,3.6e-005,4.7e-005,5.9e-005,7.1e-005,8.2e-005,9.4e-005,0.000105,0.000116,0.000127,0.000138,0.000149,0.00016,0.00017,0.00018,0.00019,0.000199,0.000209,0.000218,0.000227,0.000235,0.000244,0.000252,0.000259,0.000267,0.000274,0.000281,0.000287,0.000294,0.0003,0.000305,0.000311,0.000316,0.000321,0.000325,0.000329,0.000333,0.000337,0.00034,0.000343,0.000346,0.000349,0.000351,0.000353,0.000355,0.000356,0.000358,0.000359
0,1.1e-005,2.3e-005,3.4e-005,4.6e-005,5.7e-005,6.8e-005,7.9e-005,9e-005,0.000101,0.000112,0.000123,0.000133,0.000144,0.000154,0.000164,0.000173,0.000183,0.000192,0.000201,0.00021,0.000219,0.000227,0.000235,0.000243,0.00025,0.000258,0.000265,0.000271,0.000278,0.000284,0.00029,0.000295,0.000301,0.000306,0.00031,0.000315,0.000319,0.000323,0.000326,0.00033,0.000333,0.000336,0.000338,0.00034,0.000343,0.000344,0.000346,0.000347,0.000348
0,1.1e-005,2.2e-005,3.3e-005,4.4e-005,5.5e-005,6.6e-005,7.7e-005,8.7e-005,9.8e-005,0.000108,0.000118,0.000129,0.000138,0.000148,0.000158,0.000167,0.000176,0.000185,0.000194,0.000203,0.000211,0.000219,0.000227,0.000235,0.000242,0.000249,0.000256,0.000262,0.000269,0.000275,0.00028,0.000286,0.000291,0.000296,0.0003,0.000305,0.000309,0.000313,0.000316,0.00032,0.000323,0.000325,0.000328,0.00033,0.000332,0.000334,0.000336,0.000337,0.000339
0,1.1e-005,2.1e-005,3.2e-005,4.2e-005,5.3e-005,6.3e-005,7.4e-005,8.4e-005,9.4e-005,0.000104,0.000114,0.000124,0.000134,0.000143,0.000152,0.000161,0.00017,0.000179,0.000187,0.000196,0.000204,0.000212,0.000219,0.000227,0.000234,0.000241,0.000247,0.000254,0.00026,0.000266,0.000271,0.000276,0.000282,0.000286,0.000291,0.000295,0.000299,0.000303,0.000307,0.00031,0.000313,0.000316,0.000318,0.000321,0.000323,0.000325,0.000326,0.000328,0.000329
0,1e-005,2.1e-005,3.1e-005,4.1e-005,5.1e-005,6.1e-005,7.1e-005,8.1e-005,9.1e-005,0.000101,0.00011,0.00012,0.000129,0.000138,0.000147,0.000156,0.000164,0.000173,0.000181,0.000189,0.000197,0.000204,0.000212,0.000219,0.000226,0.000233,0.000239,0.000245,0.000251,0.000257,0.000262,0.000268,0.000273,0.000277,0.000282,0.000286,0.00029,0.000294,0.000297,0.0003,0.000303,0.000306,0.000309,0.000311,0.000313,0.000315,0.000317,0.000319,0.00032
0,1e-005,2e-005,3e-005,3.9e-005,4.9e-005,5.9e-005,6.9e-005,7.8e-005,8.8e-005,9.7e-005,0.000106,0.000115,0.000124,0.000133,0.000142,0.00015,0.000159,0.000167,0.000175,0.000183,0.00019,0.000198,0.000205,0.000212,0.000218,0.000225,0.000231,0.000237,0.000243,0.000249,0.000254,0.000259,0.000264,0.000269,0.000273,0.000277,0.000281,0.000285,0.000288,0.000291,0.000294,0.000297,0.0003,0.000302,0.000304,0.000306,0.000308,0.00031,0.000311
0,1e-005,1.9e-005,2.9e-005,3.8e-005,4.8e-005,5.7e-005,6.6e-005,7.5e-005,8.5e-005,9.4e-005,0.000103,0.000111,0.00012,0.000129,0.000137,0.000145,0.000153,0.000161,0.000169,0.000176,0.000184,0.000191,0.000198,0.000205,0.000211,0.000218,0.000224,0.00023,0.000235,0.000241,0.000246,0.000251,0.000256,0.00026,0.000264,0.000269,0.000272,0.000276,0.000279,0.000283,0.000286,0.000288,0.000291,0.000293,0.000296,0.000298,0.000299,0.000301,0.000302
