<?xml version="1.0" encoding="UTF-8"?>
<!-- Auto-generated by XmlDoc -->
<amino-acids xmlns:xlink="http://www.w3.org/1999/xlink">
   <amino-acid name="Alanine" symbol="a" xlink:href="alanine.xml"/>
   <amino-acid name="Arginine" symbol="r" xlink:href="arginine.xml"/>
   <amino-acid name="Asparagine" symbol="n" xlink:href="asparagine.xml"/>
   <amino-acid name="Aspartic Acid" symbol="d" xlink:href="aspartic-acid.xml"/>
   <amino-acid name="Cysteine" symbol="c" xlink:href="cysteine.xml"/>
   <amino-acid name="Glutamic Acid" symbol="e" xlink:href="glutamic-acid.xml"/>
   <amino-acid name="Glutamine" symbol="q" xlink:href="glutamine.xml"/>
   <amino-acid name="Glycine" symbol="g" xlink:href="glycine.xml"/>
   <amino-acid name="Histidine" symbol="h" xlink:href="histidine.xml"/>
   <amino-acid name="Isoleucine" symbol="i" xlink:href="isoleucine.xml"/>
   <amino-acid name="Leucine" symbol="l" xlink:href="leucine.xml"/>
   <amino-acid name="Lysine" symbol="k" xlink:href="lysine.xml"/>
   <amino-acid name="Methionine" symbol="m" xlink:href="methionine.xml"/>
   <amino-acid name="Phenylalanine" symbol="f" xlink:href="phenylalanine.xml"/>
   <amino-acid name="Proline" symbol="p" xlink:href="proline.xml"/>
   <amino-acid name="Serine" symbol="s" xlink:href="serine.xml"/>
   <amino-acid name="Threonine" symbol="t" xlink:href="threonine.xml"/>
   <amino-acid name="Tryptophan" symbol="w" xlink:href="tryptophan.xml"/>
   <amino-acid name="Tyrosine" symbol="y" xlink:href="tyrosine.xml"/>
   <amino-acid name="Valine" symbol="v" xlink:href="valine.xml"/>
</amino-acids>
